ランキング,タイトル,価格
1,【48h限定クーポンで最大1箱183円】3/5 23:59迄☆総合1位受賞 血色マスク 立体マスク 20枚 4層構造 血色カラー 大人用 くちばし マスク 不織布マスク 50枚 +1枚 耳が痛くない チークマスク 3D立体加工 高密度フィルター メガネが曇りにくい 母の日 送料無料 cicibella,796
2,3月3日より大盤振る舞いクーポンで99円★野草酵素★《約1ヵ月分》■ネコポス送料無料酵素サプリ/サプリ/酵素ダイエット/サプリ/酵素サプリメント/ダイエット サプリ/ダイエット 酵素/【送料無料】【m28】【TB1】【deal1105】【dealreiwa12】,488
3,【3/4 23:59迄限定価格】【総合1位受賞】血色マスク 血色カラー マスク 不織布マスク 50枚 +1枚 立体マスク 20枚 4層構造 大人用 使い捨て くちばし マスク 耳が痛くならない チークマスク 子供用 マスク 高密度フィルター メガネが曇りにくい 母の日 送料無料 cicibella,390
4,"【クーポン使用で5,260円OFF 9,240円→3,980円】このみみ3月のSweet Spring福袋 ♪　送料無料　＊営業日10日以内に発送【＊3月25日以降の発送指定不可】",9240
5,Nintendo Switch（有機ELモデル） Joy-Con(L) ネオンブルー/(R) ネオンレッド,37979
6,【3/4 20:00～半額695円クーポン】【送料無料】パック シートマスク 限定 スクワラン ランキング1位 保湿 化粧水 ギフト プレゼント 日本製 ローズ 無香料 ［プリュ / PLuS プラセンタ モイスチュアマスク 35枚入］フェイスマスク フェイスパック シートパック 美容 [ZZ],1390
7,【スーパーSALE前日祭クーポン対象　3/3 0:00 - 23:59】CR7 ジュニア ウーブン サッカートラックスーツアパレル キッズ 子供 子ども 男の子 スポーツ サッカー フットボール ジャージ トレーニングウェア 上下セット セットアップ,12100
8,＼再入荷SALE／【48h限定クーポンで389円】3/5 24時まで☆総合1位受賞 99.9%遮断 マスク 不織布 プリーツ 51枚 / KN94マスク 30枚 くちばし型 カラー チークマスク 子供 立体 不織布マスク メガネが曇りにくい 小さめ 日本 N95同等 KN95 一律送料無料 SOKAITEKI®,978
9,【先着特典】ブラザービート (初回盤A＋初回盤B＋通常盤セット)(特典A+B+C) [ Snow Man ],4389
10,【3/4迄クーポンで最大1箱170円】【総合1位】【両面同色】血色マスク マスク 不織布 カラー マスク 50枚 立体マスク 20枚 不織布マスク カラー プリーツマスク カラーマスク おしゃれマスク ふつう 小さめ 子供マスク 立体マスク WEIMALL 在庫あり 送料無料,798
11,【3/4迄クーポンで最大1箱170円】【総合1位受賞】【両面同色】血色マスク 立体マスク 4層構造 血色カラー くちばし マスク 不織布 不織布マスク カラー 使い捨てマスク カラーマスク ジュエルフラップマスク ふつう 小さめ 子供マスク 眼鏡が曇りにくい 20枚 送料無料,980
12,"奇跡の延長！3/4限定【クーポン利用で1,590円！】トレーナー レディース スウェット 大きいサイズ 韓国 リブ長 トップス 春 長袖 おしゃれ 無地 カットソー ルームウェア 部屋着 ビッグシルエット (ゆうパケット送料無料)[郵3]^t015^",1990
13,【48h限定クーポンで最大1箱177円】3/5 23:59迄☆総合1位受賞 血色マスク 血色カラー マスク 不織布マスク 50枚 +1枚 立体マスク 20枚 4層構造 大人用 使い捨て くちばし マスク 耳が痛くならない チークマスク 子供用 高密度フィルター 爽快適 母の日 送料無料 cicibella,796
14,【クーポンで4箱で1000円★】【総合1位受賞】不織布マスク 50枚+1枚入 血色マスク ふつうサイズ 小さめ 使い捨てマスク【ゆうパケット配送】PFE99% BFE99% VFE99% 女性 男性 子供 プリ—ツ 痛くならない カラー やわらか不織布マスク 平紐 大人 カケン検査済|zk-kmn sale|,395
15,東京卍リベンジャーズ　キャラクターブック2　芭流覇羅・黒龍編 （KCデラックス） [ 週刊少年マガジン編集部 ],935
16,映画　ホリック　xxxHOLiC　写真集 [ 蜷川 実花 ],4400
17,"【在庫限り 5,177円OFFクーポン】吉野家 冷凍牛丼の具120g×28袋 仕送り 買い置き 時短 グルメ 冷凍食品 取り寄せ ストック 時短 簡単 ギフト",13176
18,【スーパーSALE前日祭クーポン対象　3/3 0:00 - 23:59】ナイキ リニュー ラン メンズ ランニングシューズシューズ メンズ スポーツ ランニング ジョギング ローカット シューズ,9900
19,今すぐ試してほしい。新色登場【公式限定 2箱購入で＋1箱無料】あす楽/送料無料(ネコポス) カラコン レヴィア ReVIA 1day/COLOR 1箱10枚入/3箱合計30枚 レヴィア ワンデー 度あり 度なし カラー コンタクトレンズ 裸眼風 UVカット ナチュラル メルティベア ラスタージェム,3432
20,Nintendo Switch（有機ELモデル） Joy-Con(L)/(R) ホワイト,37979
21,【スーパーSALE前日祭クーポン対象　3/3 0:00 - 23:59】ナイキ リニュー ラン ウィメンズ ランニングシューズシューズ レディース スポーツ ランニング ジョギング ローカット シューズ,9900
22,【スーパーSALE前日祭クーポン対象　3/3 0:00 - 23:59】ナイキ スポーツウェア ウィンドランナー+ メンズ フーデッド ジャケット アパレル メンズ スポーツ カジュアル ジャケット アウター フード付き,12100
23,【楽天ブックス限定特典+特典+他】ELDEN RING PS4版(モバイルクリーンステッカー+【予約外付特典】アドベンチャーガイド＆マップポスター+他),7865
24,羽生結弦 北京オリンピック2022 フォトブック,1650
25,"3/3 10時～24H限定★クーポンで1,780円★ 楽天1位 【メール便限定送料無料/代引き不可】マウンテンパーカー ロング丈 チュニック丈 ジャケット コート アウター レディース 春 秋■tl378■ 即納＆予約",4180
26,【3/4 23:59迄限定価格】血色マスク 立体マスク 20枚 4層構造 血色カラー 大人用 使い捨て くちばし マスク 不織布マスク 50枚 +1枚 耳が痛くない チークマスク 3D立体加工 高密度フィルター メガネが曇りにくい 子供用 マスク 高密度フィルター 母の日 送料無料 cicibella,390
27,【スーパーSALE前日祭クーポン対象　3/3 0:00 - 23:59】ナイキ マーキュリアル スーパーフライ 7 アカデミー HG ハードグラウンド サッカースパイクシューズ メンズ レディース ユニセックス スポーツ サッカー フットボール ハイカット シューズ,9900
28,シナモロール20th ボックス入りぬいぐるみ(アニバーサリーショップ限定),6380
29,【48h限定クーポンで最大1箱177円】3/5 23:59迄☆血色マスク 血色カラー マスク 不織布マスク 50枚 +1枚 立体マスク 20枚 4層構造 大人用 使い捨て くちばし マスク 耳が痛くならない チークマスク 子供用 高密度フィルター 抗菌通気超快適 母の日 送料無料 cicibella,796
30,【クーポンで690円】シートマスク プラセンタエキス等50%配合 30枚入り ホワイト オールインワン フェイスマスク シートマスク フェイスパック 日本製 マスクパック スキンケア 美容マスク プラセンタエキス ビタミンC 保湿,2508
