会社名,タイトル
ライクスタッフィング株式会社 | ★東証一部上場グループ★WEB面接1回★残業月20h以内★年休120日,【総合職(進行管理スタッフ/BIM CADオペレーター)】★経験者優遇
エムケイ株式会社 | 【大阪府緊急雇用対策に賛同】★WEB説明会実施中（随時）★,【観光コンシェルジュ(ドライバー)】※有給消化率8割超/社宅あり
株式会社誠進堂 | 売上は昨年対比170％UP／平均月収50万円＆平均年収700万円！,抜群のチームワークと好待遇が魅力の【施工管理】※完全週休2日
日研トータルソーシング株式会社 | ◆WEB面接1回のみで内定も可能◆年休最大160日◆残業ほぼなし,もくもくと自分らしく働ける仕事！【在庫管理・検査スタッフ】
UTエイム株式会社 | 【東証一部上場グループ】大手グループの安定基盤,年間180万円の貯金も夢じゃない！【品質保証】★未経験歓迎
株式会社一条工務店 | 【販売棟数 業界No.1！】★明確な評価制度で年収1000万円も可能,※全国募集《東京・神奈川積極採用》完全反響型の【営業・販売】
株式会社ファクト | ＼未経験からNTT東日本特約店で活躍／ *年休120日 *残業月20h,NTT東日本から絶大な信頼★社会インフラを支える【法人営業】
UTエイム株式会社 | 【東証一部上場グループ】★WEB面接OK／スピード入社も可能,オフも充実♪【製造管理事務スタッフ】未経験歓迎／履歴書不要
株式会社ビッグモーター | 充実したサポート環境☆未経験だった女性も大活躍中☆賞与年2回,未経験から始める【営業職】★平均年収957万円 ※高卒以上
UTエイム株式会社 | 【東証一部上場グループ】何十年先の将来も重宝される人材へ！,完全未経験から手に職を！【エンジニア候補生】★自社研修充実
ヴェル・ハウジング株式会社 | 安心の固定給制度あり⇒未経験でも月給28万～35万円スタート！,未経験OK！年収1000万超も目指せる【住宅営業】★100％反響営業
日研トータルソーシング株式会社 | ◆WEB面接1回のみで内定も可能◆年休最大160日◆残業ほぼなし,好きな街で働けるものづくり【サポートスタッフ】年休最大160日
UTエイム株式会社 | 【東証一部上場グループ】★30～40代多数活躍中！,無理のない環境で働く！【ピッキング・仕分け】★土日休みも可能
株式会社アイダ設計 | 1都2府21県へエリア拡大中／テレビ・ラジオCMでもお馴染みの企業,WEB集客多数★商談チャンスが多い【住宅営業】※男女活躍中
UTエイム株式会社 | 【大手の安定基盤】社宅費・引っ越し費・赴任費全て補助エリアも,新生活応援体制充実♪【倉庫内作業スタッフ】※土日休み可能
GranElite株式会社 | 《未経験から鑑定士へ》半年で月給35万円～の鑑定士も輩出中★,【査定スタッフ/バイヤー】未経験でも入社初年度平均月給30万円
株式会社イースマイル | 【TVCM展開中！全国30拠点を展開】大半が前職より収入UPを実現！,★入社1年目で年収500万円が可能！【営業・メンテナンス】
日研トータルソーシング株式会社 | WEB面接1回のみで内定可◆面接来社でギフトカード5000円分贈呈！,AI・自動化で話題の業界！【ロボットメンテナンス】◆未経験歓迎
株式会社アイダ設計 | 1都2府21県へエリア拡大中／テレビ・ラジオCMでもお馴染みの企業,注文住宅の【建築設計】※お客様対応に注力可能！完全週休2日
株式会社サニックス | ◆東証一部上場企業 ◆初任地は希望勤務地を確約／年間休日115日,【営業】平均年収は800万円★45歳以下の方は面接確約します！
株式会社ジーアフター | 輸入車・国産車の買取、販売◇売上前年比130%成長で不況知らず！,＊2022年4月新店OPEN＊車の【販売営業・買取営業】月給30万円~
株式会社ビッグモーター | 【業界No.1】◆スピード昇進可能 ◆役職手当最大20万円,★平均年収957万円★【車の営業(幹部候補)】※社会人経験者募集
株式会社ミュゼプラチナム | 人と話すことが好きな方大歓迎♪／未経験OK／WEB面接1回,美容脱毛0円♪【受付カウンセラー】*高卒以上 *社会人経験者募集
株式会社オープンハウス | 東証一部上場オープンハウスグループの中核企業/20代管理職率76%,【営業総合職】未経験歓迎★「20代で年収1000万円」の実績多数！
株式会社牧野ガスセンター | コロナ禍でも経営安定/大阪ガスグループ/転勤なし/未経験歓迎,地域に根差して活躍する【ライフアドバイザー】※賞与年3回
株式会社ビッグモーター | 業界No.1企業の安定性／面接1回／転勤なし／連休OK！,【登録事務スタッフ】☆未経験歓迎☆基本定時退社☆土日休み
株式会社Good Luck | ～ あなたの居場所は、きっとここにある ～ ☆月平均残業10h程☆,【住宅企画アドバイザー】☆夢のマイホームを届ける☆未経験歓迎
株式会社そら | 『Dr.stretch』／業績好調／年4回昇給・成長できる環境が魅力！,"【ストレッチトレーナー】専門知識・経験がない方も ""大歓迎！"""
株式会社アイエスエフネット | ★在宅勤務OK★受賞歴45個★平均残業7.8h★インセンMAX60％,微経験(入社時)から年276万円UP実績有【ITエンジニア】高卒以上
株式会社クリア | 全国118店舗以上を展開するメンズ美容のリーディングカンパニー,【メンズ美容の施術/カウンセラー】★月8日希望休★脱毛受け放題
株式会社ワールドコーポレーション | 【Nareru Group】設立以来、右肩上がりに成長中！賞与年2回,未経験から育てる【空間ディレクター】※各種手当充実／土日祝休
株式会社PGSホーム | 月給40万円～(2か月間)｜残業ほぼなし｜転勤＆休日出勤なし,未経験OK【＜外壁塗装＞訪問販売員】★入社祝金最大138万支給
株式会社KSEシステムクリエイト | 年休128日*土日休み*残業少*WEB面接1回！*20～30代活躍中！,知識ゼロでも★研修4ヶ月後に安心デビュー！【WEBエンジニア】
株式会社アイエスエフネット | ★在宅勤務OK★完全週休2日★平均残業7.8h★インセンMAX60％,月35万～【ITエンジニア】★有給消化81％★受賞歴45個／学歴不問
株式会社PGSホーム | 入社祝金最大138万円支給｜残業ほぼなし｜転勤＆休日出勤なし,月給40万～(2カ月間)【営業総合職】未経験から高収入が目指せる
日本交通株式会社 | 社員の75％以上が年収500万円超：ノルマなし・土日休みも取得OK,【総合職（リピート促進営業・VIP専属・ハイヤー乗務員）】
ソフトバンク営業職合同募集 | 【条件満たす方全員、電話面談確約】,ソフトバンクの【法人営業】社会人経験必須◎販売/接客経験歓迎
ソフトバンク営業職合同募集 | 【条件満たす方全員、電話面談確約】,ソフトバンクの【法人営業】未経験OK★高卒以上★35歳以下
株式会社トップ | 《トップHDグループ》33歳*月給例:月給29.1万円＋インセン＋賞与,3人に1人は年収1000万円！【 提案営業 】*全国募集*経験者募集
東京セキスイファミエス株式会社 | 《セキスイハイムグループ》コロナ禍も黒字経営継続の安定企業,未経験歓迎！【リフォームコーディネーター】◎完全週休二日制
株式会社アライブ．ｃｏｍ | 入社祝金10万円★年休130日★フルリモート案件あり,"前職より""増給保証""【SE/PG】★独立支援制度★リモートワークOK"
株式会社TERASS | 【自分が主役】★実績＝自分の収入に★休みも労働時間も自由でOK,【不動産売買仲介エージェント】※経験者募集／首都圏担当
ジブラルタ生命保険株式会社 | 「応募検討中」の方でも参加できる会社セミナーを開催,月給50万円以上【営業】(管理職)◆経験不問 ※47都道府県で募集
真鍋電機株式会社 | マイナビ限定募集／大手空調メーカー・ダイキン工業のパートナー,【技術職／電気工事士・施工管理】完全週休二日＆月給45万円可能
大東建託株式会社 | 【東証一部上場】◆全国募集◆残業代1分単位支給◆Web説明会実施,【営業】20万の入社支度金◆平均年収850万◆経験者募集
DSP株式会社 | 【完全週休2日】【年間休日115日～120日】【産休育休実績あり】,未経験歓迎！WEB集客の【プランナー】★土日祝休★残業ほぼなし
株式会社桜丘住販 | 土日休み★昇給チャンス年4回★借上社宅あり★産休/育休実績あり,育成マニュアル充実★未経験歓迎♪【不動産アドバイザー】
株式会社ビッグモーター | ◎未経験歓迎◎希望エリアで働ける◎資格手当（最大12万円）,1年目で月収42万の実績！年収&家族との時間倍増【自動車整備士】
株式会社エー・エス・エル | 《東証一部上場企業グループ》コロナ禍でも過去最高益レベル！,【ITエンジニア（開発／インフラ）】◎テレワーク率85%以上
UTエイム株式会社 | 【東証一部上場グループ】★完全週休2日制・年休190日以上も可能,【検査・実験評価スタッフ】月収42万円以上も可能！★未経験歓迎
株式会社ワールドコーポレーション | 【Nareru Group】設立以来、右肩上がりに成長中！賞与年2回,【プロジェクトサポート】※首都圏限定※未経験歓迎・男性活躍中
日本電設工業株式会社 | ＜東証一部上場企業／JR東日本のパートナー＞★年収990万も可,大規模案件を中心に手掛ける【総合職(電気・空調施工管理)】
セントラル交通株式会社 | つばめタクシーグループ｜U・Iターン支援・社員寮完備,【ドライバー】面接からの内定率90％／初年度平均年収504万円
株式会社スタッフサービス | エンジニアリング事業本部・約650種類の学習講座でスキルアップ,新型ロボット等の【ものづくりサポート】未経験OK/手当充実
株式会社アイエスエフネット | ★在宅勤務OK★受賞歴45個★平均残業7.8h★インセンMAX60％,(入社時)年収750万円⇒864万円にUP実績有【インフラエンジニア】
株式会社秀永 | ★無借金経営・年間家賃収入8億円超 ★年休120日超・土日祝休み,自社物件の【不動産管理】★残業なし★安定基盤でキャリアアップ
アイアール株式会社 | ★完全週休2日制（土日祝） ★年間休日125日 ★超充実の福利厚生,休める！稼げる！楽しめる♪【施工管理アシスタント】★未経験OK
株式会社修優舘 | あなたの経験と能力を満足のいく給与に変えてみませんか？,2人に1人が年収700万円超【講師・教室運営】※完全週休2日制も可
UTエイム株式会社 | 【東証一部上場グループ】★WEB面接OK／今月入社も可能,未経験・第二新卒OK【総合職(組立・検品等)】★月収42万円以上可
セブンエー美容株式会社 | 全身脱毛サロン「恋肌（こいはだ）」,【恋肌のエステティシャン】未経験OK★賞与年3回★ノルマなし
株式会社PGSホーム | 未経験者歓迎｜月給40万円～(2カ月間)｜入社祝金最大138万円支給,【アポインター営業】リサーチャー(市場調査)★残業ほぼなし
ソフトバンク営業職合同募集 | 【条件満たす方全員、電話面談確約】,35歳以下★ソフトバンクの【法人営業】学歴不問★未経験OK
株式会社EPARKリラク＆エステ | 土日祝休◆年休124日◆昇給チャンス年12回◆最大月30万円報酬有,美容サービスの【アドバイザー(提案営業)】月給25万～/未経験OK
UTエイム株式会社 | 【東証1部上場グループの安定基盤】条件重視の方はぜひ！,月収42万円以上も可能【検品検査スタッフ】未経験歓迎！転勤なし
株式会社バイリンガルゲート | WEB面接可／年収1000万円可能／土日祝休み／年休125日,IT×英語を商材にグローバル視点を磨ける【コンサルタント】
株式会社KAMING | 年間休日125日/残業月平均7.62H/定着率91.8％/研修充実/副業OK,【ITエンジニア】*前給保証 *還元率80.1％ *フルリモートOK！
DSP株式会社 | 入社半年で月収100万円以上の社員多数/大阪府緊急雇用対策に賛同,アニメやスポーツ番組の【反響営業】完全週休2日★学歴不問！
株式会社 One's Will | ★月収100万円超えの営業が活躍中 ★完全週休2日 ★残業ほぼなし,アニメや映画・ケーブルテレビなどの【反響営業】★履歴書不要
株式会社ワールドコーポレーション | 【Nareru Group】設立以来、右肩上がりに成長中！賞与年2回,街づくりの【企画補助スタッフ】未経験歓迎／土日祝休※全国募集
株式会社ダイオーズジャパン | ★年間休日120日以上★残業ほぼなし★営業未経験者歓迎,東証1部上場グループで活躍!オフィスを快適にする【提案営業】
UTエイム株式会社 | 【東証一部上場グループ】土日休みも可能！年間休日127～190日,未経験から高収入を目指せる【製造スタッフ】★月収42万円も可能
Nadia株式会社 | 《月間2000万ユーザーが利用するレシピサイト》★平均年齢29歳,勤務時間は自由に選択OK！【企画営業】★年休124日★土日祝休み
株式会社ONE TOP JAPAN | 《 週休2日／前給考慮／マンツーマン研修／売上昨対比130％UP 》,【　FC開発営業　】／店舗経営コンサルティング／完全反響
株式会社センス | 時代を先どりした福利厚生☆未経験スタート歓迎☆年収1000万多数,U-35全員面接【営業系総合職】週休3日/5連休など柔軟な働き方も
UTエイム株式会社 | 【東証一部上場グループ】★安定基盤,シンプルワーク中心【軽作業スタッフ(梱包・検品等)】未経験OK！
株式会社テクノプロ・コンストラクション | 業界売上No.1【東証一部上場テクノプログループ】,未経験歓迎【総合職(管理・資料作成等)】平均月収29万円/土日休
株式会社こども総合研究所 | ＜教育×IT(AI・ビッグデータ)／年休125日／残業ほぼゼロ＞,【100%自社内開発エンジニア】★前職給与以上を確約します★
日研トータルソーシング株式会社 | ◆年休最大160日◆残業ほぼなし◆未経験大歓迎◆社宅費補助あり,"面接1回★簡単な【製造・倉庫作業】★選べる勤務地全国7,000件！"
DSP株式会社 | 初年度年収450万円以上可/産休育休有/大阪府緊急雇用対策に賛同,【総合職(営業/広報/人事/総務など)】やりたいことが見つかる♪
UTコンストラクション株式会社 | 東証一部上場グループ★大手グループの安定基盤★土日祝休み,☆未経験歓迎☆【総合職(管理・資料作成等)】★残業月平均17時間
株式会社ビッグモーター | 【業界No.1の実績とブランド力】＼全国募集！好きな街で活躍♪／,未経験歓迎【受付事務】★転勤なし★基本定時退社★月8～10日休
"株式会社ビッグモーター | ◆BIGな環境でBIGに稼げる！◆直近1年の最高年収4,600万円",業界No.1の【カーライフアドバイザー】経験/学歴/年齢不問
フォーザウィン株式会社 | ＜有休消化率100%／残業月平均15時間以下／年間休日125日＞,【インフラエンジニア】◆経験者 ◆前給以上確約 ◆面接保証
日研トータルソーシング株式会社 | ◆40代・50代多数活躍中◆年休最大160日◆残業ほぼなし,面接1回★【アシスタントスタッフ(製造工程の管理・フォロー)】
UTエイム株式会社 | 【東証一部上場グループ】★オンライン面接実施中→3月入社可！,未経験歓迎【物流管理事務スタッフ】ワークライフバランス良好◎
UTパベック株式会社 | 【東証一部上場グループ】入社祝い金10万円支給エリア多数！,未経験歓迎【ものづくりスタッフ(データ入力等)】☆力仕事少なめ
株式会社アール・エム | 【大阪府緊急雇用対策に賛同】22歳インセンティブ例：82万円／月,【WEBの提案営業】月収100万円へ！★研修体制をさらに強化
株式会社テクノプロ・コンストラクション | 業界売上No.1【東証一部上場テクノプログループ】,未経験歓迎【事務スタッフ(書類作成/写真撮影等)】★土日祝休み
リベル株式会社 | 20～30代中心【実例：26歳営業／最高インセンティブ月328万円】,"＼未経験でも安心／""残業なし""で年収1000万も叶う【不動産営業】"
株式会社レシックス | 【創業30年以上の安定企業/全国へ事業拡大】月収300万円超も可!!,【不動産営業】最高年収5850万円、最高月収1273万円。
グループPSAジャパン販売株式会社 | ☆世界トップクラスの販売台数を誇るステランティスグループ,人と文化と車をつなぐ。【セールス】＊100％反響×成果を還元
エーアイアールグループ合同募集 | 《首都圏に16店舗展開中》★20～30代若手活躍中★安心の研修体制,未経験歓迎！【ルームアドバイザー】★100％反響営業★2月入社可
関西ポリマー株式会社 | 年間休日126日／未経験歓迎【大阪府緊急雇用対策に賛同】,完全週休2日制（土日祝休）＆平均年収470万円【製造スタッフ】
"日研トータルソーシング株式会社 | ≪1年目で年収500万以上目指せる≫半年ごと5,000円の昇給あり★",入社特典60万円&寮無料★トヨタ車の【製造サポート】※全国募集
株式会社エフ・オー・プランニング | ＃志望動機不要＃転勤なし＃異業種転職が多数＃キャリアパス多彩,【配送スタッフ】WEB面接／月給25万円／完全週休3日／賞与年2回
株式会社ライズイノベーター | 完全週休2日/土日祝休/面接1回(WEB可)/教育補助金年間20万円,"前職より必ず""増給""！【ITエンジニア】年休134日/平均年齢29歳"
小金井不動産株式会社 | LIXIL不動産ショップTOPクラス＜1年以内の離職はほとんどなし＞,反響型の【売買営業】栃木で長く働ける！　※社員定着率83％
UTコミュニティ株式会社 | <東証一部上場グループ>年休133日可★社宅費全額補助エリア多数,【サポートスタッフ(PC入力・検品等)】17:00定時退社＆土日休可
エフエルシープレミアム株式会社 | 【大阪府緊急雇用対策に賛同】東証二部上場企業のグループ！,業界シェアNO.1【営業系総合職】未経験可/全員面接★社員寮完備
アプライド マテリアルズ ジャパン株式会社 | ◆売上世界No.1の半導体製造装置メーカー◆平均年収734万円,【エンジニア・技術職】未経験歓迎◆高卒以上◆全国募集
株式会社ビッグモーター | ～No.1企業だから活躍できる舞台がある～◆2年目年収2000万実績,やる気さえあれば、成功できる！【販売・買取】※45歳以下募集
KUROFUNE＆PARTNERS株式会社 | #飛び込み・テレアポ業務なし #社用車支給 #転勤なし,【買取査定スタッフ】未経験歓迎／月給30万円スタート／車通勤OK
アプライド マテリアルズ ジャパン株式会社 | ◆売上世界No.1の半導体製造装置メーカー◆平均年収734万円,【エンジニア・技術職】理系職経験者募集◆学歴不問◆全国募集
サーヴェイトコンサルティング株式会社 | 【経験者は前給考慮】*賞与有*20～30代活躍中*面接1回,【事務系総合職(IT事務/一般事務)】年間休日128日*土日祝休み*
株式会社コシダカ | ★月収例29万5000円！★年休110日以上★東証一部上場グループ,カラオケ好き集合♪【カラオケ店舗社員】※職歴/学歴/年齢不問
イーゲート株式会社 | ◆20～30代若手活躍中◆完全週休2日制◆年間休日120日以上,【反響営業】#未経験大歓迎 #月給35万以上 #面接1回！
株式会社ネオキャリア | 【保育Tech事業】メンバー全員20代！未経験入社90％*年休128日～,20代で管理職へ！【自社メディア営業】未経験歓迎*月給30万円～
株式会社テクノスイコー | ◎土日祝休み◎残業手当100％支給 <大阪府緊急雇用対策に賛同>,【CADオペ（設計補助）】★設計など広がるキャリア★転勤なし
株式会社九州エネコ | 《年収例／3年目 880万円／3年目 738万円／6年目 1421万円》,★年休120日以上/完休2日制/転勤なし/社員寮あり★【企画営業】
株式会社テクノスイコー | ◎即入社＆希望勤務地を最大限考慮【大阪府緊急雇用対策に賛同】,【モノづくりエンジニア】★経験を収入に還元★希望案件を最優先
株式会社ティーアイピー | 《大手通信会社と安定取引》有給取得率100％/実質の休日135日↑,5G・スマホ通信の【技術スタッフ】★完全土日休み★社宅あり
株式会社コシダカ | 【上場グループ企業】土日休みOK★月収29.5万円も目指せる！,社員評価90点越えの働きやすさ！【店舗マネージャー】★高卒以上
株式会社コシダカ | 【上場グループ企業】スピード昇格可★土日休みOK★年2回5連休,月30万を目指せる【カラオケ店員(店長候補)】*39歳以下/学歴不問
"株式会社ガリレオコーポレーション | せっかく営業をするなら、目指せ【年収1,000万円】！！",”稼ぎたい”で仕事を選んで、何が悪い？！【営業】
株式会社コシダカ | 【上場グループ企業】月収例29.5万円★月8~10日休★年2回5連休！,まねきねこの【カラオケ店舗社員(店長候補)】*高卒以上/年齢不問
株式会社アーバン・ウェブ | ★テレワーク導入 ★有給消化ほぼ100％ ★残業月20時間以内,【システムエンジニア】★経験者は前職給与保証
日本交通株式会社 | 【業界売上高11年連続NO.1(※)】★会社説明会も随時開催★,【VIP・役員専属運転手】★75％以上が年収500万円以上★土日休可
トマトランド株式会社 | 大手企業と直接取引／賞与年2回+決算賞与有／フルリモート実施,スマートデバイス事業を担う【メーカー営業】月給25万円～
株式会社建築資料研究社 | 資格系スクール「日建学院」を運営【大阪府緊急雇用対策に賛同】,＊全国募集＊【ライセンスアドバイザー】◎未経験歓迎／研修充実
株式会社砂建 | ＜ 年間休日112日+有給 ＞業績好調の注目企業で活躍しませんか？,プラント関連部品の【 製造スタッフ 】未経験歓迎★基本定時退社
住友不動産株式会社 | 【東証一部上場】★転勤なし★東京の平均年収817万円,営業経験者募集！【注文住宅営業】3割が年収800万円以上
株式会社KOKUA HOME | 面接1回／事業好調につき10名以上の増員予定／コロナの影響なし,住宅リフォームの【営業職】★未経験OK ★現在スタッフ全員20代
株式会社FIVE FELLOWS | (ファイブフェローズ)「完全週休2日制」「充実の手当/福利厚生」,賃貸物件を扱う【ルームアドバイザー】未経験でも月給25万円～★
アートバンライン株式会社 | 大手企業と多数取引で業績好調★月8～9日休み★土日休みも可,【中型(4t)トラックドライバー】面接1回★転勤なし！安定性◎
大和総合住設株式会社 | ★賞与年4回支給★ 月収200万円以上も目指せます！,完全週休2日制&朝はゆっくり13時出社♪【 提案営業 】※沖縄勤務
クオリア・コンサルティング株式会社 | ★賞与年3回★有休消化率100％★男性社員の育児休暇取得実績あり,【経費削減の提案営業】★未経験から平均月収60万円★ノルマなし
有限会社雄装 | 【賞与は「年３回」！】 残業ほぼなし／土日祝休みが嬉しい♪,”岡山の街づくり”に繋がる！【内装施工スタッフ】★未経験歓迎
株式会社Reazista | リリース約3年で加盟店舗約8万店！急成長企業の直販メンバー募集,フードデリバリー＆テイクアウトアプリ『menu』の【提案営業】
アートバンライン株式会社 | 大手企業と多数取引で業績好調★月8～9日休み土日休みも可,【小型(2t)トラックドライバー】★面接1回★高定着率★[未]歓迎
アートバンライン株式会社 | 大手企業と多数取引で業績好調★売上345億円を誇る安定企業,【大型(10t)ドライバー】★面接1回★無理のない配車調整で負担少
株式会社アミ―クス | 『トータルリペア』オーナー募集,リペア職人として1人で独立！トータルリペアの【FCオーナー】
東宝ホーム株式会社 | ◆月給32万円～◆経験4年/年収630万・経験6年/年収780万円も可能,☆福岡募集☆【建築施工管理】高いブランド力・完全週休2日
株式会社京進 | 東証二部上場,【学習塾経営】転職して社員に？いや、次のキャリアは独立だ！
新日本ハウス株式会社 | 転勤ナシ＝好きな街で働けます！吉幾三さんのCMでおなじみの会社,【営業職】1年目で年収800万の実績あり！家族も喜ぶ転職を
住友不動産株式会社 | 東証一部上場◆平均残業時間18時間◆転勤なし◆完全週休二日,第二新卒歓迎◆最高年収実績1100万円【新築分譲マンション営業】
日東電工株式会社 | 残業少なめ＊昇給年3回【大阪府緊急雇用対策に賛同】,【公共施設の電気工事施工管理】＊33年連続黒字＊月給40万円～
UTエイム株式会社 | 【東証一部上場グループ】★WEB面接OK,コツコツ働ける♪【箱詰め・梱包スタッフ】未経験歓迎
UTエイム株式会社 | 【東証一部上場グループ】フリーターもOK！大切なのはこれから♪,月収42万円以上可能！【清掃・洗浄スタッフ】学歴一切不問☆
東建コーポレーション株式会社 | ＜転職成功者が多数＞年収320万から、860万を実現した先輩も◎,目指せ！年収UP【営業系総合職】年齢不問/全国・社会人経験募集
"東建コーポレーション株式会社 | 上場企業で""待遇も働き方""も満足しませんか？",今がチャンス＊若手育成採用【営業】全国募集/未経験OK/30歳まで
株式会社ワールドインテック | 東証一部上場グループ企業◆土日祝休み◆月収30万円以上も可能！,【自動車工場での軽作業スタッフ】★未経験歓迎★日勤のみ
株式会社タジマモーターコーポレーション | 〈原点はモータースポーツ〉研究開発型メーカー 兼 商社,【ゼネラルマネージャー（事業統括・経営企画）】
株式会社デザイン | 【ベストベンチャー10期連続選出】★土日祝休み★年休126日以上,未経験から市場価値の高い人材に成長【Webメディアプランナー】
ジブラルタ生命保険株式会社 | 「応募検討中」の方でも参加できるセミナー（説明会）を開催,【営業】(管理職)◆社会人経験ある方対象◆30代活躍中※全国募集
東建コーポレーション株式会社 | WEB面接実施！『 年齢に関係なく、まだまだやれる会社です！』,40～50代で転職の先輩、活躍中【営業】全国/未経験歓迎/年齢不問
株式会社小山電機工事 | 「明かり」の数が、自分たちの仕事の証明。,【電気工事士】※平均年齢31.7歳／県外出張なし／経験者優遇
インターギアソリューション株式会社 | ★電話で稼ぐ！固定報酬＋高額インセンティブ,求人広告の【マッチングプランナー】★平均月収55万円<大阪採用>
株式会社アーキ・ジャパン | 平均月収53万円(施工管理・技術職)【大阪府緊急雇用対策に賛同】,【施工管理】初年度想定年収600～800万円／47都道府県採用
株式会社エンテックス | 最先端プロジェクト多数！風通しが良くサポート体制も充実！,【Web系エンジニア】AWS、5Gなど最先端領域で活躍し成長を実現！
株式会社浜寺ガスセンター | 年収800万円も可能/既婚率70％【大阪府緊急雇用対策に賛同】,【総合職(営業/メンテナンス)】賞与平均4ヶ月／平均年収550万円
HITOWAライフパートナー株式会社 | 全国募集★自宅開業OK★転勤なし◎未経験歓迎！学歴・スキル不問,面談確約【店舗経営】研修制度◎高収入を目指せる！選べる勤務地
株式会社レーベン | 純利益の10％をインセンティブ支給|宅地建物取引士保有者優遇,【営業】※土日祝の完全週休2日なのに最低保証額月給35万円以上
株式会社日本ヴェルテック | セレッソ大阪ゴールドスポンサー【大阪府緊急雇用対策に賛同】,ニューノーマルな働き方♪新部署で活躍を！*＊【営業スタッフ】
大同生命保険株式会社 | ★業界経験一切不問 ★有給取得実績多数 ★転勤なし ★土日休み,基本17時退社★平均月給42.9万円【法人営業】※社会人経験者限定
株式会社大興ネクスタ | ＊残業月10h以下＊年休121日＊完休2日＊月給33万～＊賞与年2回＊,お客様の要望をカタチにする【リフォームデザイナー】経験者優遇
株式会社メイテック | 東証一部上場／自動運転・EV・航空宇宙などの最先端・先行開発等,【設計エンジニア(機械/電気)】40歳平均年収715万円/定着率約95%
株式会社ワールドインテック | 東証一部上場グループ会社◆土日祝休み◆月収30万円以上も可能,【自動車製造スタッフ】★未経験歓迎★年間休日121日★日勤のみ
株式会社エネクスコンサルティング | 【ENEX Holding Co.】土日祝休みの完全週休2日制★年休120日以上,”自己成長”のための転職を―。【 法人営業 】*未経験者も歓迎
住友不動産販売株式会社 | 【東証一部上場住友不動産グループ】,【不動産売買仲介営業】◇営業職の半数以上が年収800万円超
株式会社SKN | 先輩の最高月収270万円／土日休み【大阪府緊急雇用対策に賛同】,【買取営業】未経験大歓迎！車を自由に使い貴方ならではの営業！
栄和エステート株式会社 | 【独自ノウハウで急成長中】未経験入社4ヵ月／月収例120万円超！,“売る”ではなく“買う”に特化【不動産の仕入れ営業】未経験OK
株式会社HiiizL | 【 設立以来8期連続黒字経営 】教育評価制度充実/入社祝い金あり,【イベントPR・営業】政府推奨アワード受賞／完全週休2日制
株式会社フォロアス | 『求人広告』×『WEB広告』の独自サービスを展開★WEB面接対応可,【採用支援コンサルティング営業】★手当&福利厚生制度が充実！
インターギアソリューション株式会社 | ★電話で稼ぐ！固定報酬＋高額インセンティブ★当月払い可能,【求人広告電話営業】★未経験から平均月収55万円＜全国採用＞
日本セルフメディカル株式会社 | ヘルスケア機器の販売で40年★埼玉県『多様な働き方実践企業』,ヘルスケア事業×高収入可【PRスタッフ】※若手活躍中※[未]歓迎
株式会社SORI | ◆前職給与考慮でお迎え ◆年収1000万円も目指せる ◆賞与年3回,【総合職(施工管理／重機オペ／ドライバー)】年齢不問◎広島勤務
住友不動産株式会社 | 【東証一部上場】★転勤なし ★3割が年収800万円以上！,未経験から家づくりのプロに！【注文住宅営業】平均年収817万円
株式会社オーエスティーブレーン | リノベーションや内装工事、オフィス移転を手がける企業,リノベーション＆内装工事などの【施工管理】 ★未経験歓迎！
インターギアソリューション株式会社 | 『固定報酬』×『制作本数』で制作担当の年収実績1500万円以上,"No,1の採用効果を目指す【求人広告ライティングディレクター】"
アップライブステージ株式会社 | ◎テレワークの普及に伴い売上も2倍◎実績給で最高70万円支給有,【LIVE配信タレントマネージャー】成長を二人三脚でプロデュース
クリーンデバイス・テクノロジー株式会社,カーエアコンクリーニング「空気の洗車屋さん」【FCオーナー】
株式会社平和地建 | 人々の暮らしに笑顔を増やす。なくてはならない企業となるために,不動産を通して、驚きと感動を生む。【反響営業】※未経験OK
株式会社ソヴリックコーポレーション | ＃大阪府緊急雇用対策に賛同＃未経験大歓迎＃学歴不問＃完休2日,★未経験大歓迎★【コンサルティング営業】月給30万＋賞与年4回
株式会社プレコヴィユニット | 過去最高利益を達成した「プレコグループ」の安定性◎,食品商社の【ルートセールス】★引越手当あり★未経験者歓迎
勅使川原産業株式会社 | 【大手と取引】中・長距離ドライバーの平均月収35万円～45万円,【ドライバー】★希望のスタイルで活躍 ★経験・年齢不問
株式会社インビクタス | 「新たな自分」と出会える場所がここにある。,【営業コンサルタント】未経験OK／月給30万円以上／高インセン！
株式会社アーネストワン | 東証一部上場グループ/2年目年収800万円超も可/スピード昇格多数,戸建住宅の【施工管理】初年度想定年収442万円/利益率前年比150%
大東建託株式会社 | 【東証一部・名証一部上場】◎入社支度金30万円支給！,自分の個性や経験が活かせる【提案営業】安定と成長を手に入れる
東京・日本交通株式会社 | 売上業界No.1グループ｜大阪府緊急雇用対策に賛同,小さなお客さまの安全を守る【キッズドライバー候補】未経験歓迎
株式会社小宮測量 | ニーズの高い専門職だから安定して稼げる！,稼げる！初年度に月収31万円も可【計測アシスタント】千葉募集
株式会社ホットスタッフ博多 | 北九州、行橋、小倉、飯塚、新宮、久留米に拠点を展開！,人材派遣会社の【 営業職 】★経験ゼロでOK！まずはご応募下さい
株式会社エムテック | ＼大手直・長期案件多数／◆高収入 ◆残業月15h ◆完全土日休,前給保証！在宅ワーク実施中★【ITエンジニア】◎未経験OK！
株式会社ネクジット | 年商30億円突破/賞与1回240万円実績あり/月収50万円可/面接1回,月給35万円保証【施工ディレクター】※未経験歓迎／長期休暇あり
株式会社Ｌｉｆｅ．ｉｎｄｕｓｔｒｙ | 案件増加中で安定性抜群／賞与100万円を手にしている先輩も！,未経験でも月給26万円以上！【取付スタッフ】★千葉積極採用中！
株式会社メトロス開発 | 大手デベロッパー・大手ゼネコンと業務提携して事業を展開,土地の再開発を提案する【営業】賞与2回／インセン有／年休130日
株式会社東日本地所 | ★年収1500万円も可能★転勤なし★営業デビュー歓迎★完休2日,笑顔で対応できればOK♪【土地活用プランナー】◆人物重視の採用
三洋ペイント株式会社 | 年間休日120日以上！残業はほぼなし！先輩の8割が未経験から入社,"外壁塗装の【提案営業】★平均月収42万円※年収1,000万円も可能"
"サングローブ株式会社 | ★創業8期目で20,000社と直取引★年休130日/土日祝休み/残業ゼロ",Webマーケティングの【インサイドセールス】未経験で年1000万可
株式会社ロジカル | ★手当充実 ★時間ごとの有給取得も可 ★転勤なし ★未経験歓迎,働きやすさも魅力！パルシステム（生協）の【ルートサービス】
株式会社VRST | 独立支援制度あり！英語教育・プログラミング(Java/AWS)研修実施,【ITエンジニア】★グローバル人材に育成します！★副業OK
株式会社りのぶる | 年休120日／有給取得率85%／残業月平均20時間以下／サポート充実,【提案営業】成約率70%！未経験、第二新卒OK！20～30代活躍中！
株式会社要 | ＜ゲームやアプリ開発、インフラ構築など案件豊富＞※経験者歓迎,【ITエンジニア(開発/インフラ)】★昇給年2回★有給即付与
朝日ソーラー株式会社 | 完全週休2日制を導入 | テレビCMも展開し知名度抜群！,"【営業】転勤無し！「年収1,000万円以上」も十分に目指せます！"
株式会社ロジカル | ★手当充実 ★時間ごとの有給取得も可 ★転勤なし ★未経験歓迎,"暮らしを支える""パルシステム""の【ルート営業】★月給27.5万円～"
JTA株式会社 | 【20代で年収1000万円超えの社員続出中！】◆土日休み◆,本気で年収1000万円を目指す方へ【営業】高率インセン＋随時昇給
東京エムケイ株式会社 | 年収1000万円も夢ではありません！/男性育休実績あり,【グランドパイロット】※高卒以上 ★タクシー月収実績81.3万円
株式会社リンクスタッフグループ | ★コロナ禍でも昨対150％成長★年末報奨金制度・各種手当が充実,【人材コーディネーター】★20代中心★完全週休2日★年休120日～
株式会社エフティグループ | ★東証JASDAQ上場総合商社・安定性抜群★年休120日★WEB面接1回,【ソリューション営業】★年功序列なし！月給50万円スタート可！
東京エムケイ株式会社 | ハイヤー月収実績119.8万円※2021年8月度支給実績/男性育休実績,年収1000万円も可能！【高級車ハイヤーのドライバー】※高卒以上
株式会社貴順 | *都心エリアの平均月収60万円 *スタッフの8割以上が月収55万円超,普通免許だけで応募OK！【軽ドライバー】★東日本エリア限定
"日研トータルソーシング株式会社 | ≪1年目から年収500万円以上≫半年ごとに5,000円昇給あり★",自動車部品の【組立・加工スタッフ】最大60万円の高額入社特典！
株式会社翔陽 | 【《横浜・福岡》限定採用】注目のリユース事業で安定性抜群！,経験は関係ない！1年目:月収70万円の実績も★【営業・バイヤー】
日研トータルソーシング株式会社 | WEB面接1回のみで内定可◆面接来社でギフトカード5000円分贈呈！,【ものづくり総合職】★年休最大160日＆残業少なめ★
東京エムケイ株式会社 | 年収1000万円も夢ではありません★男性の育休/時短勤務実績あり,年収1000万円も可能！【高級車ハイヤーのドライバー】※学歴不問
株式会社ポケットモバイル | ★平均年齢27歳★土日休み★高収入を目指せる★チャンス十分,＼未経験歓迎！／【ネットワークアドバイザー】★基本残業なし
"株式会社山王 | 「未経験から年収1,000万円可？！」⇒ 当社では”ふつう”かも！",シッカリ稼げる、長く働ける、魅力の職場環境♪【営業スタッフ】
ネットシステム株式会社 | ★20～30代の男女が活躍中♪ 特別手当で1回60万円支給実績も！,未経験スタートも安心！研修制度充実【営業スタッフ】年休126日
株式会社東京日商エステム | 20代で年収1000万円実績多数/年4回の大型連休/社宅あり,自社ブランドマンションの【住宅販売営業】★20代～30代活躍中
大和総合住設株式会社 | 賞与年4回支給！正当な評価制度アリ★月収200万円も目指せます,完全週休2日制(日・月)&ゆっくり13時出社♪【提案営業】福岡勤務
株式会社神美 | 女性専門のセルライトケア『THE PERFECT LINE』を全国に展開！,【エステティシャン】*女性活躍中*完全週休2日*年休120日
株式会社真心 | 全国240店舗！ラーメン来来亭を展開｜正社員＆充実の福利厚生,未経験でも月給28万円～【 幹部候補 】店長は月給50万以上も可！
株式会社クラシアン | 【景気に左右されない安定企業】★残業代100%＆歩合給＆手当あり,未経験歓迎！お客様に寄り添える【営業スタッフ】★首都圏募集
株式会社クラシアン | 景気に左右されない安定企業★毎年依頼件数が増加中！,「残業代100%＆歩合給＆手当あり」【営業スタッフ】★全国募集
明治安田生命保険相互会社 | 産休育休取得実績多数★収入UPも可★残業少なめ★女性活躍中,【MYライフプランアドバイザー】東日本/中部/近畿/中四国募集
株式会社TCG | 【前職給与保証！働く時間は12～18時の6時間！】土日休み選択可,【営業】1/3の社員が社長より給与も休みも多い！平均年収834万円
株式会社JSG | #賞与年3回 #年休120日以上 #完全週休2日制 #駅チカなオフィス,＼20代が中心に活躍中!!／【営業】*理想の働き方を実現しよう！
アップライブステージ株式会社 | テレワークの普及に伴い売上も2倍◎実績給で最高70万円支給有,【ライブ配信コーディネーター】★タレント発掘＆育成★高卒以上
日本管理センター株式会社 | 東証1部上場／19期連続で増収／1300社超の提携パートナー,【コンサルティング営業】★紹介案件が中心！※業界経験一切不問
株式会社あきんどスシロー | ★東証一部上場グループ★店長の平均年収約719万円＆賞与年2回,平均年齢29.9歳！スシローの【店舗運営総合職】★年休120日以上
明治安田生命保険相互会社 | 産休育休取得実績多数★収入UPも可★残業少なめ★女性活躍中,【MYライフプランアドバイザー】首都圏/名古屋/大阪/九州募集
"洛陽交運株式会社 | ヤサカグループ／月額17,000円～即入寮できる社宅あり！",業界イメージを打ち破る【タクシードライバー】⇒ その秘密は？
イッセイコンサルタント株式会社 | 国土交通省のパートナー企業◆平均年収600～700万／完全週休2日,未経験OK★内勤で建設に携われる?!【 発注者支援業務スタッフ 】
株式会社テクトン | 「未経験で心配・・・」そんなあなたを応援する会社,★接客・販売職からの未経験入社多数★Excel研修あり【事務職】
株式会社クラシアン | 月9日休み★日本全国に展開中！好きな街で働ける,大手企業で、安定のキャリアを！【サービススタッフ】★全国募集
株式会社クラシアン | 【景気に左右されない安定企業】★残業代100%＆歩合給＆手当あり,慣れ親しんだ街で、しっかり稼ぐ！【営業スタッフ】★名古屋募集
株式会社BUDDY | ★マイナビ初掲載★残業ほぼなし/土日祝休/メリハリ重視で働ける,【企画営業】*多角的な事業展開をするベンチャー *未経験歓迎
マルデナポリジャパン株式会社 | 100店舗チャレンジ始動★新ポストもあり未経験者もチャンス十分,★選べる働き方★有名イタリアンの【店長・SV候補】*全国募集
株式会社ディープコム | ★ホワイト企業認定 ★年休127日 ★残業月10H程度 ★土日祝休み,前給保証【エンジニア】★自社開発あり ★在宅可 ★年収UP率150%
有限会社興和土建 | ★経験者： 月給35万～50万円 ★多摩エリアに密着◎ ★年休115日,【公共工事の施工管理】経験者優遇／残業少なめ ／土日祝休み
松正工機株式会社 | 黒字経営を継続中／相談や不安事項があれば、事前のWEB面談もOK,プラントの【施工管理スタッフ】※土日休み ※20～30代活躍中
コスモエコロジー株式会社 | 未経験入社でも安心！2年目で年収550万円の先輩も◎,エコ商品をPR♪地球環境に貢献できるお仕事です！【PRスタッフ】
サンリスト株式会社 | 【福岡・大阪募集】年収800万円可／安定業界で1年目から厚待遇,「長く働けて、待遇UPできる」職場を選びませんか？【提案営業】
株式会社杉並モータース | ★残業代100%支給★有休取得率ほぼ100％ ★Web面接OK★日勤勤務,月8～10日休み！【ロードサービス】※平均月収45万円
株式会社Style | ■希望勤務地への配属を確約■残業ほぼナシ＆土日休＆大型連休◎,【施工管理アシスタント】★年間休日125日以上／平均月収38万円
株式会社タカラレーベン東北 | ≪東北エリア供給戸数ランキング第1位≫タカラレーベングループ,＼未経験歓迎・業界大手／【営業】◎完全週休2日／年休120日以上
ジブラルタ生命保険株式会社 | 【福岡東支社限定募集】☆未経験から始める保険のお仕事☆,仕事も生活も充実した日々を。【ライフプランコンサルタント職】
ReSein株式会社 | ◆Instagram＜@platon.dt＞で情報発信中◆興味のある方は是非！,☆未経験でも安心の充実した研修制度☆【人材コーディネーター】
朝日土地建物株式会社 | ―★現社員の7人に1人が年収1000万★― 【特別賞与年4回】,☆面接保証☆【不動産営業】未経験歓迎 / 研修充実 ◎100%反響
株式会社エヌ事業hoop | ★土日祝休み ★残業20時間以内,稼ぐ営業に成長した20～30代活躍中【法人営業(施工プランナー)】
株式会社トップファースト | 設立2年目のスタートアップ企業│未来のボードメンバー募集◎,【不動産営業】育成枠採用/月給30万円◎未経験から業界のTOPへ
Icse株式会社 | ★福岡・熊本採用★ 完全週休2日(土日) /20～30代の若手が活躍中,未経験歓迎！手応えある年収こそがモチベーション！【 営業 】
株式会社テクニケーション | 定着率97.5％／平均150万円年収UP／リモート率9割／待機者ゼロ,【ITエンジニア】リモートワーク90％超★業界TOPクラスの還元率
株式会社rapid | 【大手通信キャリアと取引】★年収例：年収868万円／経験4年,未経験歓迎！【プロモーションスタッフ】★完全週休3日も可能
株式会社T's agency | 6期連続売上UP◆6ヵ月の基礎研修あり◆インセンあり◆残業月10H,未経験歓迎★【人材コーディネーター】★半年に１度固定給UP★
株式会社インターレイズ | ◆早期キャリアアップ可能／未経験OK／学歴不問／インセン有り,未経験歓迎！就職したい脱毛サロンNo.1【エステティシャン】
黒柳建設株式会社 | ◎面接交通費全額支給　◎賞与 平均6.8か月分　◎WEB面接可能,受注工事の93％が西三河【施工管理(土木・建築)】長距離通勤ナシ
株式会社千葉東建設 | 未経験でも月給25万円～＋歩合給＋賞与年2回＋各種手当,100％反響型・ノルマなし【ハウジングアドバイザー】完全週休2日
日本交通株式会社 | <新木場営業所限定募集>★入社祝い金20万★人物重視・Web面接可,未経験OK！【タクシードライバー】★賞与年3回★土日休みも可能
株式会社ゼンワシーケンス | ★令和2年設立のエコベンチャー企業！業界屈指の成長率を実現！,未経験でも成約率8割以上！【営業職】★スキルなしでも高収入！
悠悠ホーム株式会社 | ◎完全週休2日制 ◎充実の手当は10種類 ◎業界・業種未経験OK,【住宅アドバイザー】高い知名度&地場No.1の安定企業
株式会社アシスト | 【「コープさん」として活躍！】★心も体もポッカポカなお仕事♪,＼在宅時間でなまった体を改善♪／【生協のルート宅配スタッフ】
株式会社松江電気商会 | 未経験歓迎！2022年2月11日（金）福井転職イベント出展決定！！,設立以来、連続決算賞与支給！【電気工事士】
株式会社131 | (イチサンイチ)　★収入、働き方、仕事内容…理想を叶える転職に,あなたの本音に寄り添います【施工管理(土木/建築/設備/電気)】
"株式会社フレックス | 黒字経営継続中／八尾,東大阪,大東,吹田,奈良の募集／賞与年2回",大阪ガスグループの【ライフアドバイザー】土日祝休＆転勤なし！
株式会社オートモール | 【 ICDAグループ 】★三重県で中古車販売台数7年連続NO.1！(※),三重県本社の上場企業グループ！【 中古車の営業 】★未経験歓迎
匠Lauren株式会社 | ＼＼設立から毎年売上200％UP／／ ★高インセンティブ(月15万~),未経験OK ★ SNS/Webを駆使したPR/集客サービスの【企画営業】
株式会社ANYONE | ★前期比150％以上の売上成長／転勤なし／住宅手当あり,【提案営業】平均年収946万・年間休日135日　※2名募集
名古屋エムケイ株式会社 | 【 MKグループ 】入社後1年間は月給30万円保証！安心スタート！,《2021年1月度の平均月収大公開》安定高収入の【送迎スタッフ】
中部自動車販売株式会社 | ★創業以来黒字・無借金経営 ★完全週休2日 ★残業1日1～2h程度,【カーライフアドバイザー】年収1000万円以上可能★完全反響
株式会社NEXTイノベーション | ～多角的な事業展開で業績好調～ ◆異業種からの転職者が活躍中,平均月収50万円★稼げる！リフォーム工事の【 営業 】※経験不問
三和ペイント沖縄株式会社 | ＼条件に合う方は全員面接／残業は月10h程度&1日2時間の休憩アリ,★若手社員活躍中★完全週休2日制で働きやすい！【 提案営業 】
株式会社優誠 | 【ノルマなし&成約率は50％超】2/6(日)転職フェアに参加します！,【営業スタッフ】未経験でも月収40万円の実績／基本土日休み
光電気工事株式会社 | ◆2019年新社屋完成　◆年収700万も目指せる　◆20～50代活躍中,転職者が多く活躍中！【総合職(施工管理・電気工事・総務)】
株式会社日本セレモニー | コロナ禍でも黒字経営★典礼会館やFIVESTAR WEDDINGを運営！,【セレモニープランナー】働きやすい環境＆充実の研修をご用意！
株式会社 ADAMASエンタープライズ | ＼＼ 月収100万円以上も可能！ ／／ ★年間休日110日以上,お客様に感謝される【サービススタッフ】★定期点検で高収入！
株式会社吉安建設 | ＜大正5年創業＞熊本・菊池の総合建設会社／転勤なしで働ける,【施工管理(土木/建築)】★昇給年2回 ★賞与年3回 ★月給28万円~
株式会社来来亭 | 好きな場所で年収1000万円超の店長へ｜20～30代活躍中,【店長候補】前職より給与UPした先輩多数／”無料”の寮完備
株式会社御剣商事 | ★★関西 積極採用中★★嬉しい福利厚生：理美容補助金など,＼20代の若手活躍中／【キャリアアドバイザー】☆完全週休2日制
株式会社ウイルテック | 〈自動車関連の製造スタッフ募集〉★毎週土日休み/残業も少なめ,★新生活応援金5万円+月給26万円以上【製造】年間休日121日★
株式会社早稲田アカデミー | 《東証一部上場》個別部門拡大につき経験者積極採用,本気で向き合い、合格を目指す【講師】☆塾講師経験者募集
株式会社ビルドイット | 社員全員入社時年収UP★面接1回（WEB可）★残業平均月10h以下,前職年収2割『増給』を保証【ITエンジニア】年休128日/土日祝休
株式会社Japan Technology | 中途入社した社員全員が年収UP！ ⇒ 平均年収100万円UP！,必ず前職より増給を保証【ITエンジニア】完週2日＆年休120日以上
株式会社ソーケン | 設立50年以上の安定企業/オフィス空間のプロデュース事業を展開,オフィス空間を手掛ける【施工管理】◆未経験OK/9連休取得可
レイス株式会社 | 国内TOPクラスの総合コンサルティング会社,【営業】企業経営者が抱える様々な課題に対して解決手段を企画！
株式会社国際エキスプレス | 3年前から倍増！売上90億円/国際宅配サービスを担う総合物流企業,【倉庫管理スタッフ】★年休120日～★有休消化率70%以上♪
株式会社日創 | 完全週休2日制（月9日休み）【大阪府緊急雇用対策に賛同】,月給50万円も可能／基本定時退社【査定スタッフ】※店長候補採用
税理士法人 財務プランニング | 《総クライアント数・宮城トップクラス！》☆元営業、多数活躍中,＼営業経験が必ず活きる！／高収入も可能な【税務アシスタント】
株式会社むすび | 20代~30代活躍中！｜新店舗続々OPEN★｜サポート体制/福利厚生◎,【買取・販売スタッフ】未経験歓迎！月給100万円も夢じゃない！
株式会社ピースリー | 積極面接中!!年休120日以上でプライベートも充実◎20代活躍中★,【営業】服装と髪型が自由＆初年度高収入！家賃補助50％負担！！
株式会社コスモホーム | 【事業拡大中！】地域密着で転勤無し／未経験も頑張りは正当評価,不動産売買の【仲介営業】※反響型営業／インセンティブあり
株式会社ＺＵＮＤ | ★姫路から世界へ！宇宙一のラーメン屋を目指すための増員募集★,『ラー麺ずんどう屋』のスープや麺をつくる【製造スタッフ】
株式会社ハウスフリーダム | （Q-Board上場）地域密着型ビジネスモデルを展開する上場企業！,★福岡限定募集★上場企業で働く！【売買仲介営業】完全週休2日
株式会社ワイズ野口 | ◆賞与年2回◆転勤なし◆毎月の歩合給あり◆残業ほぼなし,【中古車バイヤー(営業企画)】★入社1年目で年収600万円も可能！
オークラハウジング株式会社 | グループ創業60年の安定感|入社1年目で1000万円超も可能！,安定＆成長の大倉グループ【住宅提案営業】新ブランドHESTA HOME
株式会社アイタン | ★創業から21年連続売上UP★賞与年2回＋臨時賞与（4年連続支給）,消防設備の【法定点検スタッフ】月給30万円以上／未経験歓迎☆
株式会社 NAUGHTY | JR東日本/東京メトロなどの案件多数！◎最大2週間の連休実績あり,≪平均月収40万円以上≫未経験でも月収27.5万円～【電気工事士】
株式会社レプラスワールド | ＃大阪府緊急雇用対策に賛同＃原則定時退社＃立ち上げメンバー,★未経験歓迎★【不動産営業】立ち上げメンバー/賞与年6回☆
株式会社みんな | ＼全国で大募集＆会場へ直行直帰のみ！／◎残業は月4時間程度！,【商品PRスタッフ】★未経験歓迎｜年休120日｜残業ほぼナシ
株式会社ジー・フィールド | ★右肩上がりを続ける安定基盤★様々なキャリアを実現できる！,【総合職(店長・エリアマネージャー・SV)】★新業態への挑戦も★
有限会社ジェネシス | 大手輸入ハウスメーカーの道内資材輸送を全て担う、若き成長企業,【大型ドライバー】～最高の新車が、あなたを待っている～
株式会社Pledge Clover | #平均26歳#業績過去5年で200％UP#UIターンOK,WEBマーケティングの【法人営業】20代未経験者も活躍中！
株式会社レイズ | 自分の限界を決めたくない方！＼年収1000万円も夢じゃない！／,自分の可能性を追求したい方はcheck⇒★★【 提案営業 】
興信株式会社 | 売上の8割が既存企業！安定したサイクルを誇る安定成長企業,建材商社の【ルート営業】 手当充実！しっかり稼げて残業少なめ
株式会社アールプランナー | 2021年2月に東証マザーズ、同年12月に名証2部へ上場しました,《愛知・東京｜WEB面接可》【注文住宅営業】※高卒以上
株式会社ダイケンビルサービス | 創業63年の安定企業！面接1回のスピード採用実施中！,志望動機は何でもOK！手に職をつけたいならまずは【設備管理】
株式会社京進 | 東証二部上場,"【学習塾教室長】独立を目指し、教室長として""経営""を学べる！"
エコトラスト株式会社 | 業績好調のため新オフィスに移転★大阪府緊急雇用対策に賛同,創業期メンバー募集！ニーズの高い商材の【営業アドバイザー】
株式会社FEEL | 月収55万円以上可｜インセンあり【大阪府緊急雇用対策に賛同】,お客様と一緒に作り上げていく【営業スタッフ】※残業月10h程
株式会社タウン住宅販売 | 設立40年以上｜長く安定的に働ける制度充実｜年収700万円以上可,【営業職】未経験歓迎！平均残業時間10h/ゼロから学べる大手環境
スカイジャパン株式会社 | 入社1年目で月給９万円UPした社員も！在宅勤務OK！,未経験でも高収入/月給30万円以上!【提案営業】ノルマ&残業なし
株式会社エヌ事業hoop | ★土日祝休み ★残業20時間以内 ★収入UPも目指せる,★20代～30代活躍中★【総合職（営業・事務）】※未経験OK
"株式会社グランイズム | 業界最高水準の歩合率を設定！年収2,000万円以上も達成可能！",自分史上最高年収を目指せる【不動産営業】経験者は役職採用も！
株式会社レジット | 資格支援制度 / 服装・髪型自由 / 22年5月に道玄坂に拡大移転！,【Webデザイナー】★年収800万円も実現できる★フレックス制
福山建設株式会社 | 【中途入社の20代～40代が活躍中】★完全週休2日 ★残業少なめ,上水道配管工事の【施工管理】★月給30万円以上＋賞与年3回
株式会社 スイファ | ★即日内定/入社OK ★残業10時間以内 ★年休120日 ★賞与年2回,無資格・未経験大歓迎！【リフォームプランナー】★土日祝休み
日本交通横浜株式会社 | 11年連続売上No.1*の日本交通グループ☆入社準備金30万円支給！,【ホスピタリティドライバー】女性・ミドル活躍中／充実保証あり
TNC-NEXT株式会社 | *残業ほぼなし*月給25万～32.5万円/大阪府緊急雇用対策に賛同,【総合職（内勤営業／営業サポート）】★関東・東海・関西採用★
"株式会社クレス不動産 | 物件を""見つける""仕事です。未経験入社で年収1000万円も可能！",【不動産仕入営業】未経験でもムリなく稼げる／20～30代活躍中
"株式会社日本財託管理サービス | 【創業31年、実質無借金の安定基盤】25,000戸以上の管理実績！",物件価値を高める【不動産管理】年休122日/賞与年2回/定着率95％
日本交通横浜株式会社 | 11年連続売上No.1*の日本交通グループ☆入社準備金30万円支給！,【EXドライバー(VIP・ハイヤー送迎)】ミドル活躍中／年収790万可
株式会社H.T.M | 高水準のインセンティブ | 残業月平均15時間 | 独立支援制度あり,自分のやりたいことに出会える【営業】■完全週休2日■未経験OK
有限会社ケーアイシー | 景気に左右されない安定感が強み！将来安心の技術が身に付く,未経験OK!! 厚待遇で長く働ける【技術スタッフ】◎残業少なめ
株式会社エージェント | ＜安心・安定の上場企業＞★週休2日制(土日休み)★月給40万円～,世界トップクラスのIT企業が提供するツール等の提案【企画営業】
株式会社アドヴァンス | 一から学び、一生の技術を得る／第二新卒歓迎・ポテンシャル採用,打ち抜く！曲げる！組立！溶接！技術光る【金属加工】★未経験OK
株式会社ユナイテッドパートナーズ | 20代で年収1000万多数！転勤なし！家賃補助！,世の中の同世代より稼ぐ【提案営業】20代中心で平均月収78万円！
コムズ株式会社 | 未経験でも月給25万スタート★年休120日以上★残業ほぼ無し,【WEB広告運用】未経験からWEBマーケティングのプロへ★
株式会社ディ・エー・アイ | 【隔週休2日】【完全週休2日】【完全週休3日】が選べる！,あのCMで話題!!未経験OK＊ 豚旨うま屋ラーメン【店舗スタッフ】
リアルパートナーズ株式会社 | 【横浜・川崎エリア不動産会社ランキング三冠受賞企業】,【不動産営業】100％反響型／平均月収57.5万円／20代活躍中
関西不動産販売株式会社 | 17期連続で増収増益中｜固定給25万円を最低保証｜随時昇給あり,年間ボーナス1000万円の支給実績多数【不動産営業】業界未経験OK
新日本住設株式会社 | 住宅用太陽光発電システムでトップの実績／フルリモートOK,★未経験OK！弊社は完全人柄採用！出社義務なしの【ルート営業】
日本立友ソフト株式会社 | 年休127日/資格取得サポート充実/9割以上がプライム案件,【ITエンジニア】＊定着率90％ ＊土日祝休み ＊支援も手厚い
税理士法人経営サポートプラスアルファ | 2年連続『ベストベンチャー100』認定★年休125日★退職金制度有,【TAXコンサルタント(税務・財務・税理士サポート)】★未経験OK
株式会社山崎機械店 | 【創業76年の専門商社】賞与年3～4ヶ月／年収1000万円を目指せる,専門商社の【ルート営業】年休125日/残業月平均20h以内/転勤なし
株式会社エムエム総研 | 完全週休2日制（土日祝）｜福利厚生充実｜充実した研修制度あり,日本の「はたらく」を変える【デジタルセールス】年休125日
株式会社EverLine | 大手通信会社と取引／社員寮や資格取得支援・独立支援制度を完備,【通信設備工事スタッフ】未経験OK／1年目から月収30万円超も可
株式会社バジェットホールディングス | 創業60年を迎える安定成長企業。業界最先端で活躍できます,未経験からリーディングカンパニーで活躍！【 国内営業 】
NTPインポートHD株式会社 | ●NTPグループ ●賞与年2回(昨年実績4.32ヶ月分),輸入車正規ディーラーの【 営業 】★年休125日 ★長野県限定募集
株式会社バグース | ★経験者優遇★賞与2回＋決算賞与★年3回10日程度の長期休暇あり,修繕工事の【施工管理】経験者は月給33万円以上+インセンティブ
株式会社NextAB | 【条件に合う方は面接確約】完全週休2日など働き方が選べます！,インフラを支える【技術スタッフ】月給26万円～／基本定時退社
税理士法人松本 | 業績好調★男女育休取得実績有★退職金制度・資格取得支援制度有,【税務会計スタッフ】★未経験大歓迎　意欲的な仲間と成長を！
株式会社ファースト | 【新店オープン決定】未経験1年目で月収45万円可・残業ほぼなし,往年の名車、続々！カスタムカー専門店の【カーアドバイザー】
株式会社Eight | 応募者全員面接【大阪府緊急雇用対策に賛同】土日祝休み,未経験大歓迎！高収入の【法人営業】学歴、年齢不問・賞与年2回
株式会社サイネックス | 【東証一部上場】未経験・正社員デビューOK｜土日休み＆残業少,地域行政情報誌の【広告提案営業】月収100万円も！★全国募集
株式会社ディークラフト | ★将来のエディター候補大募集!!★未経験入社の先輩が多数活躍中,有名番組の【映像編集スタッフ】*港区のキー局勤務*週休4日も可
株式会社アイ工務店 | 売上高成長率NO.1！各地に拠点を持つハウスメーカー,注文住宅の【営業】WEB集客多数★完全週休2日＆年収1000万円可
株式会社九州エネコ | 年休120日以上/完休2日制/転勤なし/社員寮あり/平均月収70万円,"『年収1,000万円』は通過点。【エコプランナー】※学歴一切不問"
株式会社AOA | 【大阪府緊急雇用対策に賛同】平均年齢27歳◎2部も同時募集★,踏み出せ！よじ登ろう！高収入への道★稼げる【広告プランナー】
株式会社Road | ★ベストベンチャー100選出★自社サービス/在宅勤務/独自研修,【IT・WEBデザイナー】未経験歓迎◎月給25万円~フルリモートOK！
旭紙工株式会社 | 月給25万円以上【大阪府緊急雇用対策に賛同】,花束やラッピングの紙を作る【製造スタッフ】未経験OK/賞与5ヶ月
株式会社TOP LIFE | 月給30万円以上／社用車貸与／フレックスタイム制＆直行直帰OK,未経験OK！【提案営業】※年収1000万円超多数／新規営業なし
株式会社エス・エル・エス福岡 | 総合レジャーサービスグループ(九州全県、広島県に35店舗展開),20代で社長を目指せる！エリア拡大につき【支社長候補】募集！
ユナイテッド＆コレクティブ株式会社 | 東証マザーズ上場★売上好調につき社員大募集！,年収550万円も可能！月9日休＊入社祝金10万円【店長職】
LINK株式会社 | 【京都三友青果グループ】☆モデル年収⇒ 600～700万円（27歳）,「安定」だけど「大躍進中」!? 新規事業の【内勤営業】
株式会社貴順 | *都心エリアの平均月収60万円 *スタッフの8割以上が月収55万円超,普通免許だけで応募OK！ 上京も歓迎！【軽ドライバー】*全国募集
株式会社EINS | 【設立から業績右肩上がり】2年目以降の平均年収1千万以上も可能,未経験OK！【コンサルティング営業】◆残業基本なし/土日祝休
住宅セレクション株式会社 | 《引越費用半額負担有！全国から神奈川湘南で働きたい方大歓迎》,【不動産営業】★完全週休2日制 ★年間休日115日 ★残業少
株式会社キョウシン | 大阪府緊急雇用対策に賛同 ★完全週休2日！残業月平均5時間！,【賃貸営業】100%反響/最大34万円のインセンティブを毎月支給！
株式会社ユースリー | 転勤なし・土日祝休・有給消化100％・時流に沿った働き方を展開,【IT営業】未経験歓迎/土日祝休/年休124日以上/月残業20h以内
株式会社N-Basic | 上業企業《安江工務店》グループ＊神戸からの転勤なし！,【100%反響営業】頑張りは収入に反映！年収1000万円以上も可能！
京和ブロンズ株式会社 | 【設立50年以上／青銅インゴットのメーカー】＊残業なし＊,【製造スタッフ（生産）】★昨年度賞与4ヶ月分 ★年休120～125日
株式会社Studio En | 【大阪府緊急雇用対策に賛同】残業月10h｜年収800万円以上も可能,【電気設備工事スタッフ】賞与年3回・計8ヶ月分！
株式会社UPSTART | 売上高約10億円！注目の急成長ベンチャーが営業職を追加募集！,平均年齢25歳！初めてでも【営業】に挑戦！未経験でも月収30万円
池袋ホーム株式会社 | ◆池袋の一等地で毎日新規来客多数！◆完全週休2日◆賞与年4回,"お部屋探しの""ワクワク""をお手伝い！【ルームアドバイザー】"
株式会社SPパロジェ・ゴールド | ♯残業ほぼ無し ♯長期休暇は2週間など、長め ♯産育休実績あり,"年収1,000万円超も可能！売れる物件を担当できる【不動産営業】"
株式会社日本経済物流 | 軽貨物を中心とした物流事業を展開,貨物の配送を適切なドライバーに割り当てる【コーディネーター】
株式会社プリペアード | 事業拡大を続ける新進気鋭の企業 ★年休130日/完全週休2日,スタートアップ企業の【法人営業】残業ほぼなし/昇給4回/賞与2回
株式会社コッカ | 大阪府緊急雇用対策に賛同｜完全土日祝休み｜年間休日120日以上,会社の新たな成長期を支え、創り上げる【新規事業推進リーダー】
株式会社日光ホーム | TVCM・WEB広告で知名度抜群/異業種出身者が多数在籍/長期休暇◎,“平均月収100万円”のワケをご紹介します！【反響営業】
大日設備工事株式会社 | 急募★高収入／研修あり／家族都合休OK／U・Iターン歓迎,水まわり工事の【 現場サポート 】年休120日以上／月給30万円～
日本建物株式会社 | 今年入社の9名も活躍中！業績好調により更に増員します◎,【不動産営業】#月給25万円～＋インセン#原則定時退社#未経験可
株式会社ガイア | アイランドシティや動物園、北九州スタジアムなど多彩な実績あり,大規模プロジェクトに携われる【開発許認可/土木設計】*年齢不問
ユニバーサル検査株式会社 | 建物の『傷』を発見して、皆さんの生活を守るお仕事です！,★年休120日以上★夜勤なし！【非破壊検査のアシスタント】
株式会社トーショー | 未経験OK｜入社祝い金20万円支給｜免許取得制度あり｜定着率抜群,近距離配送・日勤のみ！建築資材の【配送ドライバー】
株式会社ハロネット | 8年連続ベストベンチャー100に選出／新事業立ち上げメンバー募集,入社祝い金10万円！未経験歓迎【WEBコンサルティング】土日祝休
株式会社インターレイズ | ◆早期キャリアアップ可能／未経験OK／学歴不問,【受付サロンスタッフ】★未経験歓迎／学歴不問
株式会社キャリアサービス | 完全定時退社◆年休125日以上◆産休育休の実績◆賞与年3回,未経験から活躍！【人材コーディネーター】☆月給35万円～
株式会社レーベンゼストック | 東証一部上場グループ★宅建保有者大歓迎★残業少なめ★土日休み,【営業】★土日休み＼未経験OK！「買い取る」営業にチャレンジ／
株式会社モトーレン福島 | 《福島県内唯一のBMW／MINI正規ディーラー》★県外転勤なし,未経験から成長できる！【反響営業】※福島限定募集・制度充実
株式会社丸八ダイレクト | ◆名証二部上場「丸八グループ」◆WEB面接可◆報奨金・賞与年2回,【販売スタッフ】未経験でも月30万～可★嬉しい社宅有★高卒以上
昭和プラント株式会社 | ■残業月平均10時間以内 ■学歴不問 ■UIターン大歓迎,【電気工事スタッフ】◎未経験者歓迎！ ◎働きやすさが自慢！
株式会社マイナビM&A | マイナビグループの信頼を活かして、事業承継問題を解決！,安定基盤で成長できる【M＆Aコンサルタント】金融経験者が活躍中
社会福祉法人ひまわり会 | 賞与年3回（4.8ヵ月分：前年実績）・産育休取得＆復帰実績も多数,日祝固定休み！公法人で安定性抜群の【保育士（保育園・学童）】
株式会社水本機械製作所 | 【創業70年の老舗企業】年齢不問／定年後のセカンドキャリアもOK,【製造管理】◆マネージャー募集(管理職、部長候補)◆経験者優遇
株式会社リクルート北関東マーケティング | （RKM）【リクルートグループ】　★20～30代活躍中★,「ホットペッパー」の【企画営業】 ★未経験者OK/年休145日
株式会社グリーン・ワークホース | 年休127日｜完全週休2日制｜長期休暇アリ｜WEB面接,【完全反響営業】★11:20始業で通勤快適 ★充実のインセンティブ
Life & Style株式会社 | *大型連休年3回 *週休二日制 *残業少なめ *インセン平均30~40万,未経験歓迎！都心のブランドマンションの【反響営業】*月27.5万~
シティロード株式会社 | 資格取得支援・高収入も目指せる！WEB面接対応OK◎,未経験OK！【施工管理】★年間休日129日★福利厚生も充実
グンマ・オート株式会社 | 《VOLVO正規ディーラー》 熊谷/高崎/伊勢崎にショールームを展開,VOLVO正規ディーラーの【営業スタッフ】◎業界・職種未経験歓迎
株式会社ベルハウス | 駅徒歩1分の好立地 ★新店舗オープンに伴い積極採用実施中★,【不動産系総合職(営業・用地企画・施工管理)】完休2日★未OK
クレバーグループカンパニー株式会社 | 【オープニングメンバー募集】★残業＆休日出勤&ノルマなし,＜月収40万円以上＞も可能！【PRスタッフ】※未経験の方大歓迎！
門井不動産株式会社 | ＜創業53年＞★アクセス抜群★未経験から高収入も実現可能！,完全反響型の【営業】★未経験者歓迎★基本残業無しでオフも充実
株式会社K-KING foods | コロナ禍でも業績好調！2021年には都内に5店舗出店を計画！,話題の焼肉店「牛恋」で活躍！【飲食店スタッフ】◎未経験歓迎！
株式会社国栄ハウジング | 千葉県市川市に密着した不動産事業を展開,【不動産売買営業】◎業界未経験歓迎★残業月平均10時間以内
株式会社Ａ．Ｓ．Ｒ | 【平均年齢28歳の成長企業！】土日祝休み／残業ほぼなし♪,あなたの頑張りを100％還元！完全反響型の【リフォーム営業】
株式会社マリーロード | 「玉泉院」「ラシュレディアコート」を運営◆設立35年の安定企業,業界大手で活躍！【セレモニープロデューサー】平均月収40万円～
西日本高速道路エンジニアリング中国株式会社 | 【NEXCO西日本グループ】■年収600万円以上可能■UIターン歓迎,【土木技術者(管理・点検・調査設計)】年休120日◎完全週休2日制
ハートランド会計事務所 | 《従業員ファーストの会計事務所》大阪府緊急雇用対策に賛同,若手が活躍中！前職以上の高待遇＆高収入！【税理士・補助】
株式会社エム・シー・ピー | ★基本定時退社★正当評価で年収1000万円も可能★昇給年4回,★残業なし★最大18連休！メリハリつけて働ける【積算スタッフ】
ロビンスジャパン株式会社 | SUUMO 関東 注文住宅・工務店ランキング2016～2020年第1位,【リフォームアドバイザー】ショールーム来場等の100％反響営業
株式会社シャインコーポレーション | ★入社祝い金10万円支給★完全人柄重視採用★売上は給与へ還元,【PR営業】未経験1年目で年収1000万円越え可能!!独立支援有り★
株式会社ONE | 髪型・服装自由｜面接交通費支給｜【大阪府緊急雇用対策に賛同】,ノルマがないのに高待遇！【コールスタッフ】未経験OK/土日祝休
ロビンスジャパン株式会社 | SUUMO 関東 注文住宅・工務店ランキング2016～2020年第1位,【反響営業】ショールームの輸入住宅アドバイザー※未経験歓迎
株式会社リイド社 | 『ゴルゴ13』『鬼平犯科帳』などを制作／完全週休2日制(土日祝),電子書籍の【営業企画＆制作進行スタッフ】★残業月30ｈ以下
有限会社剛建工業 | 長野県全域で、橋・高速道路・学校など建造物の工事を支える会社,★入社祝金最大17万円支給★【作業スタッフ】現場デビュー歓迎！
株式会社藤原組 | 100年超の歴史を誇る老舗の総合建設会社　★未経験大歓迎,街のライフラインを再生！【機械操作スタッフ】*月給24万円以上
RTO株式会社 | 企業のプロモーション活動を総合的に支援するWeb広告事業を展開,【総合職(Web広告の提案営業/プランナー)】★完全週休2日
株式会社スカーラサポート | 《面接1回》《社員の9割が月給30万円以上実現》《普通免許でOK》,【レッカーサービススタッフ】◎年齢不問 ◎埼玉・東京募集
株式会社九州電気保安センター | 【電話問い合わせもOK】土日の完全週休2日で基本残業なし！,希望に合った働き方ができる電気設備の【保守・点検スタッフ】
平野カーゴ株式会社 | 平野ロジスティクスグループとして安定経営継続中！未経験者歓迎,【大型トラック・トレーラーのドライバー】月給38万円以上◎
株式会社建築資料研究社 | 景気に左右されない！資格系スクール「日建学院」を運営,★旭川募集★【ライセンスアドバイザー】◎未経験歓迎！
リッツハウジング株式会社 | センチュリー21加盟店／TVCM等での知名度抜群／圧倒的集客力◎,100％反響型の【営業スタッフ】※月給30万円／10日連続休暇あり
株式会社XiT | 《業界を変えるベンチャー企業》―Redesign the last one mile―,今すぐ働けて、月収50万円を当たり前に【デリバリーパートナー】
株式会社アールエスエス羽田 | 前職や転職回数は不問／応募条件を満たす方は面接保証,月給29万円以上！100%面接保証！【ルート配送ドライバー】
株式会社エイトハウジング | 【大阪府緊急雇用対策に賛同】入社4年で年収930万円 の実績も！,9割がインセンGET！月収50万も可能な【営業職】土日祝休み
荒沢工業株式会社 | ＜海がある限り仕事がなくならない高い安定性＞◆基本定時退社,海の仕事に未経験から挑戦！【作業スタッフ（潜水士）】レア求人
株式会社フジ・ホーム | 京都売上・滋賀成約数NO.1／完全週休2日／平均年収500～600万円,安定収入と働きやすさの両方が叶う！【営業】※未経験者歓迎
有限会社箱崎商店 | 設立53年の安定企業。地域密着で「暖かい暮らし」を支えています,未経験大歓迎！福島に貢献できる【ＬＰガスなどの配送スタッフ】
富国運輸株式会社 | 月給40万円以上も可！無事故手当(月最大7万円)など環境充実！,未経験OK！食品の【タンクローリードライバー】月給40万円～
株式会社シティ・ハウジング | ☆安心のチーム制&ノルマなし☆賞与年2回☆宅建で収入アップも◎,未経験OK！【ルームアドバイザー】基本定時退社★100％反響型
株式会社スタート不動産 | 【スタートハウス】★役員候補を募集 ★利益の20%を給与に還元,不動産の有効活用をご提案！【不動産営業】★年収1500万円可能！
株式会社セシル | 【大阪府緊急雇用対策に賛同】新規オープン店舗★積極採用中！,仔犬・仔猫などの人気ペットショップ【店舗スタッフ】未経験歓迎
株式会社建築資料研究社 | コロナ禍でも強い！資格系スクール「日建学院」を運営,＊佐賀募集＊【総合職(ライセンスアドバイザー/システム営業)】
株式会社建築資料研究社 | 景気に左右されない！資格系スクール「日建学院」を運営,★群馬・太田募集★【ライセンスアドバイザー】◎未経験歓迎！
株式会社パステル | 【JA葬祭パステル】◆JAレーク滋賀グループの一員です！,【葬祭ディレクター】※年間休日120日／平均月収30～35万円
株式会社建築資料研究社 | 景気に左右されない！資格系スクール「日建学院」を運営,★熊本募集★【ライセンスアドバイザー】◎未経験歓迎！
ヤマリク株式会社 | 大型免許がある方必見！【★電話問い合わせ大歓迎★】,月収35万～55万円可【トレーラ・大型タンクローリードライバー】
インフォシー株式会社 | ★グローバルベンチャー企業★年休120日以上★残業は月10h以下♪,【ITエンジニア】前職の給与よりも『増給』を必ず保証します！！
株式会社日本ハウスホールディングス | 【東証一部上場】原則転勤なし/完全週休2日制/学歴不問,新築戸建・住宅リフォームの【提案営業】★九州募集★未経験歓迎
株式会社リモデルエステート | 転勤なし／全国26支店展開中の安定企業／WEB面接実施中,【賃貸住宅のリフォーム営業】平均月収60万円！未経験歓迎！
永一産商株式会社 | 【愛知県の指定業者】★月給26万円～or月給30万円～選べる,景気に左右されない！地域密着で社会に貢献【 ルート回収 】
メットライフ生命保険株式会社 | 銀座エイジェンシーオフィス,賞与年4回！／年間休日121日以上！【コンサルティング営業】
株式会社インターコスモス | 頑張りは給与・賞与できっちり還元します！！,★平均年収800万以上！店舗やイベント装飾の【企画営業】
丸伊運輸株式会社 | 杉戸営業所 -老舗企業-資格支援制度・賞与など多数待遇あり◎,【ルート配送】転勤なし◎未経験でも初年度平均年収370万円★
ウィズライフ株式会社 | 安定成長企業・オンライン面接可・年収1500万円以上可能,【マンションメンテナンスの営業】平均月収55万円！転勤なし！
株式会社ASK | 2022年初募集！◆未経験でも安心の売らない営業◆転勤なし◎,アポ取得のみ！選べる働き方⇒給与or休日型【営業アポインター】
株式会社大神 | ”神”奈川県で”大”きな信頼を築く／52年無借金経営の安定性◎,【建築総合職(建築・管工事施工管理技士)】完休2日制★未経験OK
株式会社白興 | TEL問合せ→048-299-5057◆完全週休2日◆20～40代が幅広く活躍中,普免だけでOKの【ルート配送】 ★未経験でも月給30万円から！★
株式会社当直連携基盤 | ★急成長業界の安定企業★やる気次第でマネージャーも目指せる！,在宅医療を支える【受電オペレーター】◎未経験者歓迎◎
株式会社建築資料研究社 | コロナ禍でも強い！資格系スクール「日建学院」を運営,＊札幌募集＊【総合職(ライセンスアドバイザー/システム営業)】
株式会社建築資料研究社 | コロナ禍でも強い！資格系スクール「日建学院」を運営,浜松/豊橋募集【総合職(ライセンスアドバイザー/システム営業)】
"株式会社サンエム | 《 月給23万円以上スタート 》年収1,000万円も目指せます！",未経験から専門知識も身につく★土地活用・建築に関する【営業】
株式会社建築資料研究社 | コロナ禍でも強い！資格系スクール「日建学院」を運営,＊岡崎募集＊【総合職(ライセンスアドバイザー/システム営業)】
株式会社マリーロード | 《ラシュレディアコート》週休二日／賞与年2回／男女共に活躍中,喜びと感動がいっぱい【ウエディングプランナー】◎未経験歓迎
住宅情報館株式会社 | 【東証一部上場／飯田グループHD】★完全週休2日(土日も選択可),戸建注文・分譲住宅の【用地仕入スタッフ】※業界経験者を歓迎
株式会社LINKハウス | ★産休育休の実績豊富 ★ノルマなし ★賞与年2回 ★残業少なめ,より良い住まいを提案！【営業】土日祝休み／未経験も月給30万～
株式会社TAKEFUJI | 電話での問い合わせもOK！【045-383-9697】,【ドライバー】★普通免許があればOK！1年目で月収80万円も可能
株式会社ティ・マインド | 有給取得率100％／月給30万円を保証／大阪府緊急雇用対策に賛同,年休130日／土日祝休み【営業・人材コーディネーター】未経験OK
株式会社統源 | 採用担当直通★TEL問い合わせもOK⇒080-3350-7778,高収入可能★働く時間も、日数も、あなたの自由★【ドライバー】
UTHP株式会社 | 【東証一部上場グループ】日立グループへの転籍実績多数,未経験で月収34万円可【製造スタッフ】16:30定時＆土日休可
株式会社フリックス | 9割以上が未経験/面接1回のみ/即日勤務OK/週払い・日払いも可★,【軽車両ドライバー】月収80万円も可/1か月目は日額保証2万3千円
株式会社ピースカンパニー | <コロナ禍でも安定成長>★時間や配送ルートなども選択できる！,ご希望の働き方を実現！【配送ドライバー】★未経験者歓迎
株式会社今井自動車教習所 | ☆販売・サービス業出身者など、未経験・中途入社者が多数活躍中,【自動車教習指導員】◎年収400万円以上可！※未経験大歓迎
株式会社セルモ | ＜セルモグループ＞冠婚葬祭業界のリーディングカンパニー,あなたの夢が叶う！インセンティブ充実★年収600万円可【営業】
有限会社アサヒナビ | 経験・学歴不問／社宅住まいもOK／引越・上京費用は全額会社負担,◎研修後→配達なし×11時出社【新聞販売店の店舗マネージャー】
株式会社クラウディオデジタルオフィス | バックオフィス業務のBPOサービスを展開,【会計コンサルタント】経理業務を入口にバックオフィスを改善！
株式会社トラストワークス | エンジニアファーストを徹底！経験者が思わず唸る環境があります,【ITエンジニア】月給40万～確約★還元率70%以上★案件選択制★
株式会社ラムラ | 50ブランド130店舗以上を運営／月9日休み,未経験歓迎！業界屈指の働きやすさが魅力の【店舗運営スタッフ】
OMS株式会社 | 土日祝休み＆残業ほぼなしが叶う！☆彡男性社員の育休実績あり！,未経験から、市場に必要とされる人材へ！【メンテナンス点検】
臨海建設株式会社 | #公共案件100％#面接1回のみ#前職の給与を考慮#年収UPが目指せる,元請けの官公庁案件がメイン◎完全週休二日制【土木施工管理】
アルスAZ不動産株式会社 | 2018年創業のフレッシュな企業／スタートメンバー大募集！,マイホーム購入のお手伝い【営業】★100％反響型 ★未経験歓迎
株式会社ニューアート・シーマ | 日本初のブライダルジュエリー専門店／銀座ダイヤモンドシライシ,完全週休2日制＊【ダイヤモンドコンシェルジュ】★残業ほぼなし
有限会社伊藤自動車 | 77年の地域企業！自動車に関わって安定収入が得られる☆転勤なし,［未経験OK］賞与4回支給で評価を反映【来店対応型営業】週休2日
株式会社ダロワイヨジャポン | 【東証一部上場・不二家グループ】★36協定順守★社員食堂あり,＼マカロンが人気／有名洋菓子メーカーの【事務】★業界未経験OK
株式会社建築資料研究社 | コロナ禍でも強い！資格系スクール「日建学院」を運営,＊岐阜募集＊【総合職(ライセンスアドバイザー/システム営業)】
株式会社多摩流通 | 《 業績好調の成長企業 》★転勤なし★残業ほぼなし★充実研修,☆対象者全員面接☆未経験スタートで稼げる【配送スタッフ】
東京海上日動あんしん生命保険株式会社 | 完全週休2日／年休120日以上／育産休あり／20～30代の社員活躍中,未経験から固定月給30万円/賞与年4回！【営業スタッフ】
株式会社エム・シー・ピー | ★年齢不問★連続休暇取得も可★資格取得支援有★20～50代活躍中,【マンション修繕の施工管理】年収1000万円も可能/昇給年4回実績
クレエ株式会社 | 稼げる環境×自由度の高い職場＝ワンランク上の自分に成長！,★未経験歓迎★不動産の販売【営業】◎高額インセンティブあり
プロスパーライフ株式会社 | 大阪府緊急雇用対策に賛同／新築★自社ビルでキャリアスタート！,年収1000万円可能！【総合職（営業／用地仕入れ）】基本定時退社
合同会社フライングB,【ドライバー 】未経験大歓迎/免許不問/土日祝休み/月収90万可
首都高電気メンテナンス株式会社 | 【首都高グループ】完全週休2日！年間休日120日以上！福利厚生◎,管理職候補として活躍！【経理財務】◆土日祝休み/残業月10H
鳥羽建設株式会社 | 工事は滋賀県内＆直行直帰OK⇒現場が近く自分時間もたっぷり,平均年収600万円【施工管理アシスタント】未経験で月給25万円～
株式会社ティ・ユー・メタル | 【 業績安定 】” 地元でずっと働く ” が叶う場所。,【 作業スタッフ 】土日休み／平均月収30万円～／20～30代活躍中
三友企業株式会社 | 神戸本社／港湾物流カンパニー／物流業界からの転職事例多数,休日と高収入のバランスが抜群【港湾荷役スタッフ】※未経験歓迎
三協電機株式会社 | 大手や官公庁と直取引／賞与年2回、1回100万円程度の実績も多数,地元のインフラに貢献！電気設備の【技術スタッフ】週休二日制！
HRconsulting株式会社 | ◆完全週休2日(土日祝)◆年休124日◆基本定時退社◆高インセン,アパレル業界と求職者を繋ぐ【人材コーディネーター】★未経験OK
株式会社 GREEN ROOM | 【大阪府緊急雇用対策に賛同】＊新オフィスで活躍＊ノルマなし,【 営業 】★未経験者歓迎 ◎年間休日120日以上 ◎土日祝休み
株式会社蛭佐 | ★かんでんエンジニアリングと直取引 ★昨年賞与実績4～5ヶ月分,インフラを守る【維持・管理スタッフ】※月収40万円も可
株式会社建築資料研究社 | コロナ禍でも強い！資格系スクール「日建学院」を運営,★埼玉県募集【総合職(ライセンスアドバイザー/システム営業)】
株式会社コンセプト | 競馬関連のプロモーションを担う制作会社 ◎2週間の長期休暇あり,DMや新聞広告の【制作スタッフ】★未経験者も月給30万スタート！
"伊勢住宅株式会社 | ""南大阪の物件なら伊勢さん""地域密着企業／大阪府雇用対策に賛同",未経験も月給27万円以上！【反響営業】ノルマ・転勤なし！
株式会社コトリオ | ★土日祝休み★年休124日★残業月平均15h★産育休実績あり,【人材コーディネーター／営業】★平均27歳★異業界出身が80％超
株式会社トータルサポート | ＼未経験歓迎！応募者全員面接★／面接1回のみ◎即日スタート可,夜勤・長距離・再配達すべてなし☆【ルート配送ドライバー】
スカイガーデン株式会社 | 平塚に根差した不動産会社！業界経験者、資格取得者は手当あり！,地域密着の【不動産営業】未経験から年収1000万円を目指せます！
株式会社トラストホーム | 業績好調！3月新店OPEN｜全員のスキルUPと収入のUPを目指す会社,高収入が叶う！【不動産営業】☆問い合わせ対応のみ ☆研修充実
株式会社コミュニティー | ★直近も賞与実績あり★転勤なし★WEB面接1回の選考可能,未経験・第二新卒大歓迎！【倉庫作業スタッフ】★年休120日以上
株式会社L.I.G | #大阪府緊急雇用対策に賛同 子育て中のママさんも活躍中です！,新進気鋭の不動産仲介！大阪トップクラスの集客力！【営業事務】
株式会社かず電工 | 電話問合せも歓迎！【092-985-5959】まで気軽にご連絡ください！,未経験からプロになれる【電気・ネットワーク系エンジニア】
伊豫スズキ販売株式会社 | 完全週休2日制！(水)+他1日★4月入社希望の方大歓迎！時期相談可,女性活躍中★未経験でも成長できる！チーム制の【営業スタッフ】
株式会社立山塗建 | 外壁・防水塗装サービス／初年度平均月収:30万円～(実績あり),未経験OK／超スピード成長できる【営業】★昇給年4回★賞与年2回
"アークネット株式会社 | 「やる気スイッチ」のスクールIE,英会話スクール「WinBe」を運営",★授業担当なし【教室長候補】★新校舎続々オープン！福利厚生◎
谷一木材株式会社 | 昇給・賞与が各年2回／勤務スタイルは3種類の中から選べる！,住宅用建材の【製造スタッフ】未経験OK／完全週休2日・年休120日
株式会社ワイズ高橋 | 業界でも珍しい、弊社ならではの買取職にご注目！退職金制度あり,高級輸入車店の【総合職(販売・買取)】★未経験歓迎
株式会社sizebook | 業界高水準の待遇★月25万～★完休2日★土日祝休★第二新卒歓迎,WEB広告の【ライター】★未経験歓迎★将来は年収1000万や独立可
有限会社チャンス | 《千葉エリア中心の中古車販売店》ノルマなし／100%反響型,＼100%反響型／売りやすさバツグン！【営業職】★未経験歓迎
サムティプロパティマネジメント株式会社 | 【東証一部上場100％出資企業】★大阪府緊急雇用対策に賛同,オーナー対応などの【不動産管理】★月給27万円～/土日休み
株式会社ファーストライズ | 9年連続で業績UP／コロナ禍でも変わらずニーズがある安定企業★,居抜き物件のマッチングを図る【営業】*土日祝休み*未経験歓迎！
株式会社小宮測量 | 特別な資格がなくても稼げる！日給月給28.6万円～,転勤ありません。横浜限定募集【計測アシスタント】残業ほぼなし
Bigmac株式会社 | 毎期連続200%成長！北陸で圧倒的なシェアを誇るデジタル広告企業,デジタルマーケティングの【営業職】北陸で圧倒的なシェアを誇る
ユナイテッド・エステート株式会社 | 【コロナ禍においても最高益の成長企業】完全週休2日制(土日祝),【不動産営業】仕入～売却まで一貫対応！※未経験者歓迎！
大阪第一交通株式会社 | 上場グループ／年収500万円以上可／大阪府緊急雇用対策に賛同,業界大手！誰もが自分らしく仕事できる【タクシードライバー】
エコ・ライフ株式会社 | 年収例24歳2200万円、28歳2900万円、32歳3500万円、37歳4600万円,日本最高水準の高額給与！億万長者になれる営業職【総合職】
四国道路施設有限会社 | 区画線工事や道路標識の設置など | 徳島で愛されて40年以上,交通安全に貢献する【技術スタッフ】◆転勤なし◆原則定時退社！
株式会社アサヒ通一商アッソー | 【賞与は平均で65万円以上を毎年支給】*賞与2回 *面接確約,【技術スタッフ】＊週休2日制＊未経験者でも月収60万円以上可
株式会社崎山組 | ＊年間休日は122日とたっぷり／1回の賞与で100万円の実績あり＊,資格取得すれば月収60万円も可能【機械オペレーター】※未経験OK
株式会社スタイリード | ［居心地の良さ］×［納得できる収入］で高い定着率を誇ります！,★未経験歓迎！【営業スタッフ】★完全週休2日制・ほぼ残業ナシ
株式会社ケーシーエス | 【入社1年目から月収40万円超も可能】完週休2日の働き方もできる,【総合職（ドライバー／運行管理）】自分らしい働き方が選べる！
株式会社エヴァ・ライフ | ＼ 高収入が目指せます ／インセンティブが10万円を超える月も?!,今後の拡大に期待大！【 福祉用具のルート営業 】*新店舗もOPEN
株式会社Add Flow | ◆土日祝休◆年間休日120日◆残業月20H◆インセンティブ毎月支給,★インスタ・YouTube★／Web・SNS広告の【提案営業】未経験OK！
アイデックス株式会社 | 完全週休2日制（土日祝）新宿パークタワー20F/綺麗なオフィス,【賃貸管理】土日休み/残業少なめ/賞与4か月/創業22年黒字経営
"株式会社アクト | ＼賞与は4～5ヶ月分を支給／年収1,000万円も目指せる",社会インフラに関わる【施工管理】★年休113日 ★残業月10Hほど
株式会社エーワンオートイワセ | ＜長野県唯一のBMW＆MINIの正規ディーラー＞,MINIの【セールス・コンサルタント（営業職）】※未経験歓迎！
有限会社愛知環境センター | 未経験OK！体力への負担がないから腰を据えて働ける◎,【機械オペレーター】★子どもの行事に合わせて有給が取れる！
鶴信運輸株式会社 | 《 津山・広島営業所にて積極採用中！ 》★1年目で月収40万円可,未経験OK【 4t・10tドライバー 】◎大型免許取得支援あり
株式会社エール | 1月22日(土)開催のマイナビ転職フェア福岡に出展＠国際会議場,街で見かける似顔絵看板の【営業職】※年収800万円超も可能！
阪奈サービス株式会社 | 手当充実｜賞与3.1ヶ月分＋決算賞与あり｜未経験者多数活躍中！,最新技術を用いて、建造物の安全をまもる。【検査スタッフ】
FIC栄新株式会社 | 【すぐ面接OK】1年目平均年収466万円／キャリアアップOK,【営業職】20代活躍中／完全週休2日制／評価制度◎／経験不問
株式会社ひらぎの | 未経験から高収入が目指せる！UIターン支度金（10～20万円）あり,モデルルームへの来店者やお客様からの紹介が中心の【反響営業】
株式会社スズマン化工 | 国内全自動車メーカーの自動車部品を製造 ★年休124日以上も可,＼未経験OK!!／プラスチック製品の【総合職（出荷作業・製造）】
株式会社CreaVision | ◆高級賃貸マンションに特化した仲介企業 ◆売上前年比150％超,都心部高級賃貸の【エージェント】★完全週休2日制/在宅勤務有
山下商事株式会社 | ★充実の報奨金制度 ★社用車貸与 ★年間休日126日 ★面接1回,【ルート営業】★未経験でも月給28万円スタート ◎土日休み
株式会社マツシタホーム | ◆茨城東部地区着工トップクラス◆独自の仕組みプラン契約率80%,《前職年収以上考慮》住宅メーカーの【アフターメンテナンス】
京成タクシー松戸西株式会社 | 京成電鉄100％出資安定基盤！説明会だけ参加もOK！,【タクシードライバー】平均月収40万円以上！★入社祝金15万円★
リーガルボード株式会社 | 《12年連続売上UP》1/22（土）マイナビ転職フェア＠大宮に出展,”レア求人”看板広告の【営業】◆残業ほぼなし・直行直帰OK
株式会社KASOL | 【カーソル】2021年11月NEWオフィスに移転 ☆転勤はありません,【SE/PG】※案件に応じてフルリモートあり/自社への出社ほぼなし
株式会社沖縄ユーポス | 【 ユーポスグループ 】20代の若手社員が続々と入社しています,原則残業なし★働きやすい環境・高収入が手に入る！【 営業職 】
株式会社タイコー | 【広島県を中心に実績を持つ電気工事会社】*転勤なし*20代活躍中,【電気施工管理】日給月給30万円保障★WEB面接OK★前職給与考慮
株式会社ホンダクリオ南海 | 未経験歓迎／土日休みも可能！【大阪府緊急雇用対策に賛同】,ノルマ設定なし・お客様ファースト【営業】※完全週休2日制！
京成不動産株式会社 | 京成電鉄グループ企業/完全週休2日制/残業月10h以内,東証一部上場グループの【不動産売買営業】★完全反響型
株式会社本舗グループ | 「Gooネット・カーセンサー」でダントツのクチコミ件数を誇る！,完全反響型！地域密着！中古車販売の【営業】★未経験者歓迎！
日本フォーミング株式会社 | ◆基本土日祝休み◆ほぼ定時退社 ◎未経験大歓迎！,【営業事務】ワークライフバランス重視でプライベートを大切に！
サンシンエキスプレス株式会社 | 長野県安曇野市を拠点に、全国各地をつなぐ運送会社,【配送ドライバー】 ◎高収入を実現可能 ☆大型免許取得制度あり
有限会社晃栄商事 | 【女性社員も活躍中】支配人として活躍するまで、じっくりと研修,レジャーホテルの【支配人候補】※未経験でも月給25万円以上
アフラック生命保険株式会社 | TVCMによる知名度もあなたの仕事の追い風になります♪,【営業職(個人・法人代理店)】自由な働き方で高収入を目指せる！
代々木自動車株式会社 | ★入社祝金30万円★6ヶ月間は月30万円を保証！,稼げる【タクシードライバー】入社2年目で平均月収40万円到達！
梅田運輸倉庫株式会社 | 【大阪府緊急雇用対策に賛同】設立74年！物流業界の老舗企業！,週休2日・月収31万円以上も可能な環境で働く【配送ドライバー】
"大翔株式会社 | あなたの頑張りはしっかり""給与や賞与""に反映！★月給21～45万円",未経験から高収入を実現できる【一般事務スタッフ】★人柄重視
株式会社ケイズホーム | 《WEB集客が好調◎神戸・明石密着の優良企業》★安定収入を実現,問い合わせ対応のみ！【反響営業】★男女問わず20～40代が活躍中
株式会社グローバルホーム関西 | 1件あたり40～60万！高インセンティブで稼げる！◇完全週休2日制,チームで取り組む【不動産売買営業】未経験歓迎★年間休日135日
ハウスグッド株式会社 | インセン充実／未経験歓迎／経験者優遇／残業なし,女性活躍中！完全週休2日＆年休125日【用地仕入営業】未経験歓迎
株式会社ピュアクオリティ | 独立志向の方は歓迎！起業に必要な材料がここにあります！,【コンサルティング営業】求めるのはやる気だけ！意欲重視採用！
阪神センコー運輸株式会社 | ★安定基盤が自慢★東証一部上場企業『センコー』のグループ会社,【物流系総合職（ドライバー・運行管理・倉庫管理）】
新日本リース株式会社 | 新日本グループの安定性あり◆腰を据えて長期に活躍できる,ゆくゆくは月収40万円～も現実的【フォークリフトオペレーター】
ミナミ電工株式会社 | ★家族を大切に！毎年9日間以上の連休休暇など制度を充実中！,【総合職（工事管理／電気工事士／設備設計）】※月給24万円以上
株式会社アイアール | おしゃれな銀座で働こう♪ やりがいと将来性抜群の環境です,国策事業の【事務】キャリアアップが叶う職場／★高待遇★土日休
株式会社電究社 | 【 高待遇 】経験が10年以上ある方は月給35万円スタートも可能,半期のボーナスで100万円以上を手にする社員も!【電気施工管理】
株式会社サツマプラント | 大手取引多数！業績安定！／決算賞与あり！,【メンテナンススタッフ】未経験からでも25万円以上！
岩崎エアーテック株式会社 | 水と空気を浄化する機械の販売商社 / 月収100万円も可能！,★30代～50代活躍中【法人営業】インセンで高収入を目指せる！
有限会社Coo＆RIKU | 全国200店舗以上展開中のペット業界大手！,大手ペットショップの【店長候補】★首都圏エリア募集
株式会社エス | ★宮城県を中心に東北で活躍する配送企業 ★安定安心の経営基盤,運転好きな方にイチオシ！【配送ドライバー】★手当充実で高収入
"株式会社コスモホーム | 地域密着で転勤無し！未経験でも""やる気""と""元気な対応""で収入UP",完全週休2日！高収入もやる気次第★【完全反響営業】※未経験OK
株式会社リーガル | VIP対応メイン！普段なかなかできない貴重な経験ができる仕事！,【役員付アテンダー（秘書・運転）】※月給40～70万円スタート
大阪運輸株式会社 | #大阪府緊急雇用対策に賛同 #1ヶ月目から月収30万円以上が可能,新拠点OPEN！国内の重要拠点で働けるチャンス！【倉庫スタッフ】
有限会社竹内清自動車 | 【創業53年】地域密着！熟練の技を持つプロ集団■土日祝休み,＼技術に応じて高待遇／【自動車整備士】■資格不問■経験者採用
丸和運送株式会社 | ”ありがとうのこころをあなたに” でおなじみ児湯食鳥グループ,☆★大阪募集★☆【ドライバー】4ｔトラック／セミ・トレーラー
司法書士法人アプローチ | 事務・アシスタント経験歓迎！Excel/Wordの基本操作ができればOK,初心者OK！司法書士事務所の【事務・士業補助】*丸の内駅徒歩1分
株式会社サンキョウテクノスタッフ | 日本を代表する上場企業と取引！安定した経営基盤が強み,安定企業で活躍【 製造管理スタッフ 】完全週休2日★未経験歓迎
ジブラルタ生命保険株式会社 | 九州・沖縄エリアで高収入を実現｜【月給50万円以上】,【営業】(管理職)◆経験不問◆30代活躍中 ※九州・沖縄募集
ジブラルタ生命保険株式会社 | 北海道・東北エリアで高収入を実現｜【月給50万円以上】,【営業】(管理職)◆経験不問◆30代活躍中 ※北海道・東北募集
ジブラルタ生命保険株式会社 | 中国・四国エリアで高収入を実現｜【月給50万円以上】,【営業】(管理職)◆経験不問◆30代活躍中 ※中国・四国募集
三紀運輸株式会社 | 【三紀グループ】◎電話での問い合わせも歓迎 ⇒ 086-296-0909,賞与年3回【地場配送・長距離ドライバー(4t・大型)】未経験歓迎
ジブラルタ生命保険株式会社 | 北陸・甲信越エリアで高収入を実現｜【月給50万円以上】,【営業】(管理職)◆経験不問◆30代活躍中 ※北陸・甲信越募集
ジブラルタ生命保険株式会社 | 関東エリアで高収入を実現｜【月給50万円以上】,【営業】(管理職)◆経験不問◆30代活躍中 ※関東募集
ジブラルタ生命保険株式会社 | 東海エリアで高収入を実現｜【月給50万円以上】,【営業】(管理職)◆経験不問◆30代活躍中 ※東海募集
ジブラルタ生命保険株式会社 | 関西エリアで高収入を実現｜【月給50万円以上】,【営業】(管理職)◆経験不問◆30代活躍中 ※関西募集
菱建商事株式会社 | 株式会社ピーエス三菱（東証1部上場）グループ ★年間休日127日,【施工管理】★年俸600万～750万円 ★残業1h以内 ★有給消化OK
有限会社エフクラス | <全国から応募歓迎>未経験OK/完全週休2日/残業少なめ/ノルマなし,アウトドア好きの心をくすぐる軽トラック等を提案！【反響営業】
有限会社福岡紙業 | 月給40万円以上も目指せる★新築マイホームを買った社員も多数！,★未経験OK★ ルート回収がメイン【ドライバー】※転勤なし！
井本刃物株式会社 | 創業約100年｜自衛隊や東京消防庁、警察署でも当社製品を採用！,未経験歓迎！人気上昇中のDIYツールを手掛ける【製造スタッフ】
株式会社相馬 | 直行直帰可◎大手ゼネコンと長期取引のため安定性◎,【現場管理スタッフ】働き方改革推進中！土日祝休み＊転勤なし
有限会社大浩商事 | 全国200か所以上に展開中の大手ペットショップグループ,子犬・子猫の【飼育管理】★鹿児島・佐賀限定募集！
株式会社日立物流中部 | 日立物流100％出資・東証一部上場グループ／転勤なし／桑名勤務,全員面接【倉庫内作業管理】月収28万円～可/賞与年2回/週休2日
株式会社中野産業 | 安定の働き方で定着抜群！／月収70万円以上のドライバーも活躍中,日帰り案件のみ！最新鋭のトラックに乗れる【大型ドライバー】
TAOCC株式会社 | 企業向けに不動産ビジネスを展開する成長企業！★完全土日休み,≪最大限前給考慮≫ 法人用不動産の【仲介営業】★テレワークOK
有限会社大浩商事 | 全国200か所以上に展開中の大手ペットショップグループ,子犬・子猫の【飼育管理】★宮城・千葉限定募集！
株式会社アネーラ | 入社1年目で<月収35万円超>の先輩も！／入社祝金制度あり,コープの一員として活躍【ルート配送】日中業務のみ/完全週休2日
株式会社アイプロホールディングス | ◆残業月20h以内/営業中央値年収約713万円/有給消化率85％,【創立30周年】人と家を”つなぐ”仕事【不動産販売／営業】
有限会社リーライダーす | TV番組・動画制作会社◆20年以上テレビ業界を支えてきた安定企業,【TV番組のディレクター】YouTubeの動画編集も◎月給30万円以上
有限会社扶桑物流 | ＜ 扶桑グループ ＞★すべての営業所にて積極採用中！,安心して働ける【路線便ドライバー(大型)】★免許取得制度あり
株式会社三橋企画 | 【新規開拓なし】大手企業からの紹介メイン ★完休2日★面接1回,【リフォームアドバイザー】★未経験でも月給25万円スタート！
特定非営利活動法人みらい | 放課後等デイサービス 児童発達支援 えがお | 3月に新施設OPEN！,高待遇が魅力の【児童発達支援スタッフ】※入社祝金5万円支給※
三英運輸株式会社 | 《安定性抜群》大手企業と直接取引＆コロナ禍でもニーズ増！,【ドライバー】★未経験OK ★特殊車両中心 ★夕食は自宅で
株式会社サン・サービス | ◆月30万円以上◆未経験大歓迎!充実な研修有◆大手企業取引多数!,30～40代活躍中×面接1回◎快適車内空間を演出！【役員運転手】
株式会社イメディア | 賞与は平均216万円の実績！高還元率のエンジニアのための会社！,【SE・PG】★業界高水準の給与還元率！やりたい案件を自由に選択
株式会社びわこ運送 | ◆手積み・手降ろしナシ ◆毎日18時～19時までには退勤！,"【ドライバー】※2t/3t/4t ユニック車 ★月給28万3,000円以上"
株式会社ホットスタッフ岡山 | ＜ 岡山・倉敷同時募集 ＞1年目で年収600万円も十分可能です！,ゆとりある暮らしが叶う！【 営業職 】完全週休2日制／転勤なし
株式会社大川建設 | 大手ゼネコンの元請★食堂付き宿舎有★直行直帰OK,*残業月0～20h◎満足感×安定性【とび工】資材積み下ろし一切無
ケイエイツー株式会社 | WEB面接OK／引越代負担あり☆女性活躍中／働き方も応相談,成長性バツグン！【設計】好待遇を実現／月給30万円以上～♪
株式会社明建ハウス | 成果給で高収入を目指せる／ノルマなし／サポート体制充実,反響型だから成果が出やすい！アットホームな会社の【住宅営業】
株式会社ホームケアサービス山口 | #福利厚生抜群　#業界随一の賞与　#資格取得をサポート,地域に貢献できる【ルート営業】☆応募前のカジュアルWEB面談OK
株式会社日本セイユ― | 残業少なめ／寮完備で即入居OK／日・隔土休み,～50代の新入社員も活躍中～【反響営業】◎平均月収48万円
株式会社栃木ケイテクノ | 【東証一部上場の関電工グループ】栃木県トップクラスの実績,【総合職(電気施工管理・電気工事士)】転勤なし／前職給与考慮！
朝日エンタープライズ株式会社 | ―― 安全施設／遊具／体育施設の販売・施工を担う会社 ――,【 施工スタッフ 】未経験OK／年齢不問／完全週休2日制★
株式会社富士鳩急送 | ◆賞与年2回 　◆転勤なし！ ◆月収40万円も可能です！！,好きを仕事に！高収入GETも！【ルート配送】※女性活躍中♪
郡司建設株式会社 | ◆賞与平均3.2ヶ月分支給！年収850万円も可能！前職給与を考慮,資格取得を目指す方も大歓迎！スキルUPを支援！【建築施工管理】
株式会社全国健康センター | 創業50余年の安定した企業！★転勤なしで、高収入で働ける！,★充実の待遇！【ECサイト運営スタッフ】新設部門で活躍を期待！
株式会社ＬＥＯＮＥ | 未経験でも月給25万円以上／2年目以降年収500万円以上も可！,【リフォームアドバイザー】完全週休2日★未経験OK★長期休暇有
キャレット合同会社 | ＃月給40万～ ＃残業少なめ ＃年間休日130日～ #前給保証,【ITエンジニア】フルリモート×フレックスの自由な環境下で活躍
想いコーポレーション株式会社,終活【コンシェルジュ】*未経験OK*終業前の退社も可*高収入可能
株式会社LIV | 大手芸能プロダクションと提携！応募～内定まで1週間以内！,新事業を成功へ【芸能マネージャー／営業】未経験OK・20代活躍中
アフラック生命保険株式会社 | ◎営業経験や保険の知識は不問！◎ブランド力があり営業しやすい,<札幌総合支社募集>【営業職(個人代理店)】★自由な働き方
株式会社月形 | ＼仲が良いから離職者ゼロ／原則土日祝休み｜資格取得支援あり,未経験者歓迎【技術スタッフ】★賞与年6ヶ月分支給実績あり
有限会社エーエフエヌ | オシャレな音楽が流れるオフィスで20～30代を中心に活躍中♪,【インサイドセールス（内勤営業）】月収30万円以上も目指せる！
株式会社バーンフュージョン | 未経験入社の先輩が数多く活躍中｜国家資格取得費用もサポート♪,正社員登用制度有！半導体ウェーハの【品質管理】年間休日180日
有限会社アイデジタル | ◎34歳で年収694万円の実績あり！月8日休み(土日OK)/残業ほぼ0,【販売スタッフ】未経験で高収入を目指せる◆男女問わず活躍中★
くにうみＡＩ証券株式会社 | ★くにうみアセットマネジメントグループ,【海外ファンド営業】完全週休2日制（土日祝）
株式会社エグゼクティブプロテクション | 社員数800名　成長中のセキュリティ企業です。,【外資系入館チェックセキュリティ】パート　月30万円可能です！
アイアール株式会社 | 今世紀最大級の400％成長企業！6年で社員数10名から７００名へ！,年間休日125日◎技術者を採用し、大手ゼネコンと繋ぐ【営業】
ＬＸ　ＰＡＮＴＯＳ　ＪＡＰＡＮ株式会社 | （旧社名：パントスジャパン株式会社）≪LXグループ≫,物流業界経験を活かせる！国際物流の【法人営業】※土日祝休み
株式会社アイ工務店 | 《2月26日(土)マイナビ転職フェア宇都宮に出展予定！》,注文住宅の【反響営業】適正価格が好評！⇒無理なく売りやすい♪
株式会社バンブーフィールド | 8～12日の長期休暇あり／完全週休2日／残業少なめ,【不動産仕入れ営業】圧倒的な仕入れ易さで年収2000万円も実現可
新東総業株式会社 | 「健康経営優良法人」に認定！抜群の基盤と手厚い制度あり,〈新事業〉再生可能エネルギーの【電気施工管理】◎抜群の安定性
ひかりハウジング株式会社 | 【東農地区トップクラスのハウスメーカー】◆インセンティブ豊富,完全自由設計の【住宅営業】★経験者歓迎　★店長候補
株式会社オーム電機 | 60年超の歴史ありで業績も絶好調＊グローバルに事業を展開中！,月給30万/年休120日/完休2日★海外からの【家電用品のバイヤー】
株式会社アジア技術コンサルタンツ | ほとんどが公共事業で安定感抜群！資格手当・管理職手当が充実！,★未経験歓迎！20～40代まで幅広く活躍中！【測量設計】
株式会社ファーストライフ | ニーズが高まる不動産・医療分野で事業を展開！福岡の注目企業◎,《経験者募集》理想の未来をカタチに！【不動産営業】◎学歴不問
スリーエムホーム高知株式会社 | 東証一部上場のLIXILグループが手掛ける『アイフルホーム』FC店,アイフルホームの【反響営業】◎完全週休2日制◎月給25万円以上
株式会社ウンノハウス | 慣れ親しんだ場所で働きたいetc...Uターン歓迎!引越代サポート,業績賞与年4回【広告宣伝アシスタント】未経験から活躍できる！
株式会社ウンノハウス | ＼ 賞与年4回！／ GW・夏季・年末年始は5～8日休み！,住宅関連の工事経験を活かす！【アフターメンテナンス】
株式会社ウンノハウス | 平均年収600万円以上／研修・勉強会などスキルUPできる環境豊富,"オンリーワン""の住まいづくり【住宅施工管理】"
株式会社ウンノハウス | ☆完全週休2日制☆【研修・勉強会などスキルUPできる環境豊富】,分業制なので業務に集中できる！【インテリアコーディネーター】
株式会社ウンノハウス | 平均年収600万円以上／研修・勉強会などスキルUPできる環境豊富,"安定企業で""オンリーワン""の住まいづくり【住宅設計】"
株式会社ウンノハウス | 慣れ親しんだ場所で働きたいetc...Uターン歓迎!引越代サポート,業績賞与年4回！ワークライフバランスを実現☆【反響営業】
株式会社丸松ササキ工業 | ★旭川に根付いて30年 ★毎年受注が増加している堅実な経営,★普通免許があれば挑戦OK！ ★月給30万円～【土木技術者】
株式会社小田原ハウジング | 医師が認める”0宣言”の健康住宅／福利厚生◎の安心企業！,家族との時間が作れる【建築施工管理STAFF】連休も高収入もGET。
株式会社丸松ササキ工業 | ★旭川に根付いて30年 ★毎年受注が増加している堅実な経営,★未経験者が半数以上！ ★月給25万円～【土木作業員】
アート引越センター株式会社 | 【コロナ禍でも安定経営】★高収入を実現可！20～30代社員活躍中,【総合職(営業・ドライバー)】平均月収30～35万円/月8～10日休み
株式会社木村土建 | 【創業91年】企業基盤の安定力抜群！応募者は全員面接します！,★即戦力★ 高収入を目指せる【建築施工管理】※月給40万以上可
株式会社創建 | 大阪府緊急雇用対策に賛同／住まいづくりをトータルサポート,理想を住まいを創る【住宅コーディネーター】年収500万円以上！
"東京海上日動あんしん生命保険株式会社 | 新名古屋支社　★完全週休2日制★年収1,000万円も可能！",【コンサル保険営業】★未経験歓迎！目標も自分で設定♪*
株式会社コーユー | 【2/5(土)開催 マイナビ転職フェア千葉＠ペリエ千葉に出展】,＼即日内定可／月収40万円以上も目指せる！【警備スタッフ】
東建コーポレーション株式会社 | ■エリア勤務でも高収入！■上場企業で安心の将来を,月給26.3万円スタート【 営業 】千葉募集＊未経験歓迎＊年齢不問
東建コーポレーション株式会社 | ■エリア勤務でも高収入！■上場企業で安心の将来を,月給26.3万円スタート【 営業 】大阪募集＊未経験歓迎＊年齢不問
東建コーポレーション株式会社 | ■エリア勤務でも高収入！■上場企業で安心の将来を,月給26.3万円スタート【 営業 】岐阜募集＊未経験歓迎＊年齢不問
東建コーポレーション株式会社 | ■エリア勤務でも高収入！■上場企業で安心の将来を,月給26.3万円スタート【 営業 】愛知募集＊未経験歓迎＊年齢不問
東建コーポレーション株式会社 | ■エリア勤務でも高収入！■上場企業で安心の将来を,月給26.3万円スタート【 営業 】静岡募集＊未経験歓迎＊年齢不問
東建コーポレーション株式会社 | ■エリア勤務でも高収入！■上場企業で安心の将来を,月給26.3万円スタート【 営業 】埼玉募集＊未経験歓迎＊年齢不問
東建コーポレーション株式会社 | ■エリア勤務でも高収入！■上場企業で安心の将来を,月給26.3万円スタート【 営業 】長野募集＊未経験歓迎＊年齢不問
東建コーポレーション株式会社 | ■エリア勤務でも高収入！■上場企業で安心の将来を,月給26.3万円スタート【営業】神奈川募集＊未経験歓迎＊年齢不問
東建コーポレーション株式会社 | ■エリア勤務でも高収入！■上場企業で安心の将来を,月給26.3万円スタート【 営業 】茨城募集＊未経験歓迎＊年齢不問
東建コーポレーション株式会社 | ■エリア勤務でも高収入！■上場企業で安心の将来を,月給26.3万円スタート【 営業 】兵庫募集＊未経験歓迎＊年齢不問
東建コーポレーション株式会社 | ■エリア勤務でも高収入！■上場企業で安心の将来を,月給26.3万円スタート【 営業 】福岡募集＊未経験歓迎＊年齢不問
東建コーポレーション株式会社 | ■エリア勤務でも高収入！■上場企業で安心の将来を,月給26.3万円スタート【 営業 】広島募集＊未経験歓迎＊年齢不問
東建コーポレーション株式会社 | ■エリア勤務でも高収入！■上場企業で安心の将来を,月給26.3万円スタート【 営業 】群馬募集＊未経験歓迎＊年齢不問
東建コーポレーション株式会社 | ■エリア勤務でも高収入！■上場企業で安心の将来を,月給26.3万円スタート【 営業 】京都募集＊未経験歓迎＊年齢不問
東建コーポレーション株式会社 | ■エリア勤務でも高収入！■上場企業で安心の将来を,月給26.3万円スタート【 営業 】奈良募集＊未経験歓迎＊年齢不問
五十嵐建設株式会社 | 【働き方次第で高収入も目指せます】大手通信会社の案件多数！,通信インフラの【現場スタッフ】[未]OK／月給25万～
株式会社サンキホーム | 【大阪府緊急雇用対策に賛同】自分に合った働き方が選べる！,【リフォームアドバイザー】完全週休2日 or 週休2日 が選択可能
株式会社ＫＥＮＴ | 保険の総合調査会社　＜自由な働き方で月収40万円以上も可能＞,☆レア求人【損害保険鑑定人】＃副業OK ＃業界高水準の歩合
株式会社ア・ビュー | 〈 対象者全員面接 〉少しでも興味あれば応募してください♪,★第二新卒の歓迎募集★【介護スタッフ】★北陸エリア限定募集
株式会社長内水源工業 | ＼業界トップクラスの業績！／全国でも稀有な温泉掘削会社◎,年収600万円以上も目指せる！【さく井技術者】☆年休120日以上
信陽機材リース販売株式会社 | 東証1部上場・株式会社ワキタのグループ企業,未経験でも月給23万円以上でスタート【技術スタッフ】年休116日
株式会社プリペアド | 個別指導学院ヒーローズ｜コロナ禍でも生徒数増！2校で100名在籍,未経験の挑戦も歓迎【 教室運営スタッフ 】★教室長候補
株式会社中央建設コンサルタント | 《 創業58年の安定・老舗企業 》賞与年3回/長期連続休暇あり,沖縄に根差して年収700万円も目指せる！【 技術士 】転勤なし
積水ハウスノイエ株式会社 | ★賞与年2回（平均6.44ヵ月分）＋決算賞与／残業月平均30h程度★,待遇もキャリアもワンランク上へ【新築住宅の営業】※経験者募集
株式会社ハッピーライフ | ★未経験OK ★完全週休2日制 ／ きれいなオフィスで快適ワーク,お客様にピッタリの住宅会社選び【アドバイザー】☆月給25万円～
平田機工株式会社 | ＜東証一部上場＞世界のものづくりを支える熊本のグローバル企業,キャリアアップ × 好待遇・高収入／スキルを活かす【製造技術】
香川アロー株式会社 | #賞与5ヶ月実績#年収600万円以上も可能,高収入が目指せる!◎LPガス工事の【現場管理】
株式会社鳳陽社 | 日本の優れた商品を海外に輸出する貿易商社,商品の調達を行う【商社営業】◎完全土日祝休み ☆月給30万円～
